ds,yhat,yhat_lower,yhat_upper,deposit,actual
2006-01-01,-10523.172308614172,-32591.183715308278,11569.431617415525,LOMA CAMPANA,0.0
2006-02-01,-9234.62309385374,-30709.001471865133,12245.384877737051,LOMA CAMPANA,0.0
2006-03-01,-10065.480614075283,-29197.43308528091,12008.657293030852,LOMA CAMPANA,0.0
2006-04-01,-9193.609954511752,-30338.046427346744,11546.484783098407,LOMA CAMPANA,0.0
2006-05-01,-9125.43309539734,-29565.48492926058,12895.360990205663,LOMA CAMPANA,0.0
2006-06-01,-8749.674925368969,-30672.329759545133,12924.813412423164,LOMA CAMPANA,0.0
2006-07-01,-8856.569529573482,-30399.282839968633,14275.980555490994,LOMA CAMPANA,0.0
2006-08-01,-8772.167421976817,-29441.025429275025,13236.171741870485,LOMA CAMPANA,0.0
2006-09-01,-8561.547494491457,-30225.302479814116,14074.783762706671,LOMA CAMPANA,0.0
2006-10-01,-8478.011175055757,-30339.49820014572,10008.542555641128,LOMA CAMPANA,0.0
2006-11-01,-7317.6750723067,-28115.760223440782,14233.507611788664,LOMA CAMPANA,0.0
2006-12-01,-7127.131851758014,-27219.222454612394,14394.000976631607,LOMA CAMPANA,0.0
2007-01-01,-7205.903538696416,-28883.80574184463,13323.244403415356,LOMA CAMPANA,0.0
2007-02-01,-6245.454297268204,-26654.445010001185,14175.735650233955,LOMA CAMPANA,0.0
2007-03-01,-6732.108544668365,-28402.179441800068,14413.230790597712,LOMA CAMPANA,0.0
2007-04-01,-6059.702418314449,-27049.99590044907,16703.894022804558,LOMA CAMPANA,0.0
2007-05-01,-5922.528201638551,-27304.464432869852,15582.871746063222,LOMA CAMPANA,0.0
2007-06-01,-5582.840508457786,-25067.795826346875,15429.350660099552,LOMA CAMPANA,0.0
2007-07-01,-5554.750010321638,-26370.57278254659,17311.00481373868,LOMA CAMPANA,0.0
2007-08-01,-5394.833393777454,-26769.336358309003,15894.309262213123,LOMA CAMPANA,0.0
2007-09-01,-5154.490164882769,-27119.225232165307,15528.090625637526,LOMA CAMPANA,0.0
2007-10-01,-4989.755080506371,-26834.92422349159,15153.721840369828,LOMA CAMPANA,0.0
2007-11-01,-4200.254361361448,-25263.569443170836,15927.408614223606,LOMA CAMPANA,0.0
2007-12-01,-3982.9398338324986,-25984.036277504627,18574.470306874595,LOMA CAMPANA,0.0
2008-01-01,-3894.6627897775033,-26356.1058760881,16815.19743828362,LOMA CAMPANA,0.0
2008-02-01,-3260.5613989893427,-24645.090660551625,17455.22421972691,LOMA CAMPANA,0.0
2008-03-01,-3380.963928782069,-25193.214696895542,18006.27280614495,LOMA CAMPANA,0.0
2008-04-01,-2912.651031633934,-24534.546513680878,17869.370714426914,LOMA CAMPANA,0.0
2008-05-01,-2713.4904886744025,-24285.201388144917,18637.644064432116,LOMA CAMPANA,0.0
2008-06-01,-2414.3337026688628,-21938.7775726892,18517.56942923655,LOMA CAMPANA,0.0
2008-07-01,-2245.6127506320195,-24761.31603157691,19522.846027931242,LOMA CAMPANA,0.0
2008-08-01,-2010.1358363928323,-23278.84945397507,19188.318229565262,LOMA CAMPANA,0.0
2011-02-01,5694.121926954049,-15292.651603588301,26525.0037027833,LOMA CAMPANA,331.32
2011-03-01,6653.186585071166,-14942.1921897052,28107.042848897643,LOMA CAMPANA,691.37
2011-04-01,6545.229646397658,-14079.023910831327,28228.275411990842,LOMA CAMPANA,525.48
2011-05-01,6971.040934254355,-14925.662241249724,28230.830945016554,LOMA CAMPANA,555.11
2011-06-01,7183.24501715957,-13693.097685740777,27285.117378170162,LOMA CAMPANA,386.69
2011-07-01,7794.932948364677,-14426.171033521383,27518.43595131268,LOMA CAMPANA,427.87
2011-08-01,8288.675726518284,-11773.978285390569,29630.06330717287,LOMA CAMPANA,382.14
2011-09-01,8729.248288501087,-11634.548162672585,30758.196618205584,LOMA CAMPANA,311.63
2011-10-01,9297.550048830126,-11894.701148024356,31368.92288101569,LOMA CAMPANA,294.46
2011-11-01,8654.967355973795,-13180.845289805302,28012.95103830301,LOMA CAMPANA,231.01
2011-12-01,9068.033293450235,-12089.019910220628,30159.986846507094,LOMA CAMPANA,290.74
2012-01-01,9860.220265912882,-11040.458872485086,31608.303920878894,LOMA CAMPANA,300.95000000000005
2012-02-01,9215.442750642585,-10658.53228823631,30179.998354728017,LOMA CAMPANA,1524.37
2012-03-01,10693.149778026322,-9203.105300580548,32354.235340673982,LOMA CAMPANA,1851.31
2012-04-01,10444.690521210834,-10464.532141254802,31573.59408364689,LOMA CAMPANA,1841.22
2012-05-01,11061.10028698434,-10276.698959548692,31765.141068198434,LOMA CAMPANA,1617.96
2012-06-01,11333.210405213289,-10632.865759134478,32881.68152858065,LOMA CAMPANA,1405.57
2012-07-01,12213.72039104778,-7850.74332577433,32854.407718553724,LOMA CAMPANA,1023.6500000000001
2012-08-01,12914.42683768045,-10129.142863569512,36593.80662054335,LOMA CAMPANA,1145.8
2012-09-01,13452.578904945864,-6752.60410396235,36028.05171887591,LOMA CAMPANA,938.02
2012-10-01,14261.590937494271,-7137.6885491550565,37456.902960911895,LOMA CAMPANA,916.38
2012-11-01,13193.878587545983,-8651.699615111165,33916.593654480275,LOMA CAMPANA,890.53
2012-12-01,13738.576110412809,-6104.570254765314,36038.51251617869,LOMA CAMPANA,838.77
2013-01-01,14969.812301173091,-4339.680731258056,35556.72263568006,LOMA CAMPANA,798.55
2013-02-01,13927.658251766883,-6752.658151861756,34764.22576564945,LOMA CAMPANA,594.23
2013-03-01,15984.245046303273,-5539.400587351809,36119.540836179505,LOMA CAMPANA,712.9000000000001
2013-04-01,15541.450467516186,-6564.207672231874,36587.702819519305,LOMA CAMPANA,630.22
2013-05-01,16387.61383211852,-4911.819201588135,36678.94479322722,LOMA CAMPANA,620.16
2013-06-01,16721.48265492582,-3386.3161722053137,39317.42211299316,LOMA CAMPANA,605.73
2013-07-01,17964.537835686693,-3591.354155583513,39783.875109082845,LOMA CAMPANA,699.46
2013-08-01,18931.306005846945,-1378.5074699649167,39292.91217835952,LOMA CAMPANA,577.03
2013-09-01,19660.127365581233,-1726.094933887033,40213.31500043446,LOMA CAMPANA,2389.76
2013-10-01,20742.352193507297,-948.909182962812,41662.023175656985,LOMA CAMPANA,7093.27
2013-11-01,19109.792923504276,-1805.4296875471211,40193.453938553095,LOMA CAMPANA,10937.18
2013-12-01,19829.425033589163,-3317.738976379215,40332.242768386684,LOMA CAMPANA,15131.44
2014-01-01,21475.390749429444,328.1104828074883,43364.46868181626,LOMA CAMPANA,14287.0
2014-02-01,19906.598514325826,-1121.3891765952683,41497.26607187737,LOMA CAMPANA,14853.89
2014-03-01,22797.979179991806,-635.832106647707,43694.700930441664,LOMA CAMPANA,17694.94
2014-04-01,21997.27761898408,731.5839463786792,41818.66057358029,LOMA CAMPANA,18542.13
2014-05-01,23064.6583998167,2835.948021638061,44257.579493261816,LOMA CAMPANA,19361.64
2014-06-01,23407.778046970056,2404.911748790321,45257.92588605102,LOMA CAMPANA,20919.75
2014-07-01,25039.07518758381,3599.5766924878794,45915.07303615707,LOMA CAMPANA,19388.3
2014-08-01,26265.95404802255,5039.24411253123,48150.09956123957,LOMA CAMPANA,17638.07
2014-09-01,27162.301140251664,6298.041715835948,47745.80051480118,LOMA CAMPANA,17283.25
2014-10-01,28461.19894921195,7400.038477830421,48611.90748136314,LOMA CAMPANA,15504.52
2014-11-01,26078.656623458963,5460.727728187934,47989.35642448695,LOMA CAMPANA,14855.56
2014-12-01,26930.72751097932,5459.00101863607,48377.86032634066,LOMA CAMPANA,14994.02
2015-01-01,28950.731642812905,7499.928895699705,49726.27248464585,LOMA CAMPANA,16457.36
2015-02-01,26705.886537947626,5903.360459132576,48144.92902892208,LOMA CAMPANA,20597.46
2015-03-01,30484.064047051263,10083.76956075704,51117.09613050695,LOMA CAMPANA,23588.34
2015-04-01,29272.185063218767,7901.00050674341,49536.63141023844,LOMA CAMPANA,25196.66
2015-05-01,30499.765188041667,8989.056740571838,49665.898715547635,LOMA CAMPANA,28012.47
2015-06-01,30765.97964971594,10589.653870937653,51839.047840713785,LOMA CAMPANA,26535.469999999998
2015-07-01,32744.613989471327,12397.117732123294,54144.570949898334,LOMA CAMPANA,29253.22
2015-08-01,34166.9419587542,14553.459072253103,55677.81969575717,LOMA CAMPANA,37263.15
2015-09-01,35158.13328859985,14217.322212121499,57528.72781764305,LOMA CAMPANA,45420.32
2015-10-01,36664.060892359266,14045.883834746568,57699.400229403436,LOMA CAMPANA,44829.04
2015-11-01,33434.230916843924,13235.846360664656,53790.13219153875,LOMA CAMPANA,36625.51
2015-12-01,34376.094561870384,12753.573762230311,57275.164358886876,LOMA CAMPANA,40809.3
2016-01-01,36696.51072942723,15930.310016332003,57864.04422043239,LOMA CAMPANA,38517.67
2016-02-01,33703.067543732504,12422.700072550548,53564.77721940406,LOMA CAMPANA,35645.57
2016-03-01,38308.14693990105,15789.672024265737,59143.64181348458,LOMA CAMPANA,54076.69
2016-04-01,36643.97390112299,15230.891215102683,57311.74600943692,LOMA CAMPANA,60538.46
2016-05-01,38069.64467976012,15900.495055333384,58845.32139329642,LOMA CAMPANA,62126.85
2016-06-01,38279.46931322497,17628.5471904691,59197.35910221214,LOMA CAMPANA,63278.2
2016-07-01,40545.890906522494,19968.437846837758,61452.78406797442,LOMA CAMPANA,69523.63
2016-08-01,42148.49441187369,22060.46843965705,63242.72771767298,LOMA CAMPANA,74564.54
2016-09-01,43198.782421496035,22404.80182618139,62894.91980463415,LOMA CAMPANA,69002.1
2016-10-01,44902.6397732544,22265.46048315066,66421.93379654009,LOMA CAMPANA,63126.45
2016-11-01,40743.76430374919,19639.802919575686,60619.10045616836,LOMA CAMPANA,55409.75
2016-12-01,41674.8234656921,20260.381311233836,62090.486414370935,LOMA CAMPANA,68239.29
2017-01-01,44617.37660303201,23246.193081475612,66564.31520977653,LOMA CAMPANA,66411.83
2017-02-01,40819.86002076109,19429.059299516142,62313.0691653258,LOMA CAMPANA,56097.25
2017-03-01,46171.893183267086,24528.89120420084,66717.67644100019,LOMA CAMPANA,65274.86
2017-04-01,44028.531900059425,23366.694392686444,65719.81603687291,LOMA CAMPANA,66232.2
2017-05-01,45599.55661642455,24637.703207245013,67217.93543964556,LOMA CAMPANA,71323.78
2017-06-01,45710.928650678805,24721.451653481163,66895.06371901934,LOMA CAMPANA,63770.79
2017-07-01,48309.55211325291,26405.34769972339,69195.78826154339,LOMA CAMPANA,62240.92
2017-08-01,50089.07860054221,29541.128492744167,69651.10504974952,LOMA CAMPANA,56256.58
2017-09-01,51214.17693848071,31642.827891027733,70852.57915219679,LOMA CAMPANA,55656.08
2017-10-01,53106.84500440841,32592.639924063224,73415.72856302046,LOMA CAMPANA,53207.09
2017-11-01,48096.51730067899,27633.706612205173,70110.2674233034,LOMA CAMPANA,47536.87
2017-12-01,49121.1682111551,27324.955281559138,70140.3025085266,LOMA CAMPANA,47988.06
2018-01-01,52366.90666942968,31777.345362948876,74612.57955030349,LOMA CAMPANA,47192.84
2018-02-01,47812.6864227983,27143.628574401024,70014.17039544383,LOMA CAMPANA,41172.08
2018-03-01,54041.7176483522,33002.56395412148,76912.10096419185,LOMA CAMPANA,43411.14
2018-04-01,51416.964576213184,28073.407353899664,71310.88516999749,LOMA CAMPANA,41479.89
2018-05-01,53126.74576182702,29980.683675609587,73298.6335433606,LOMA CAMPANA,40004.5
2018-06-01,53136.16931023541,32701.872111620494,75905.86444130747,LOMA CAMPANA,38112.03
2018-07-01,56071.52505946869,35118.52250509084,77585.08818676647,LOMA CAMPANA,43458.42
2018-08-01,58027.580351343124,36993.41111605585,79451.42654480228,LOMA CAMPANA,58827.83
2018-09-01,59229.249338719725,40345.2747495942,80795.8471669918,LOMA CAMPANA,56259.3
2018-10-01,61309.01258691169,40240.21816869383,81355.78808785485,LOMA CAMPANA,63443.75
2018-11-01,55457.27337983265,33747.51960325188,77895.91730791162,LOMA CAMPANA,63844.36
2018-12-01,56583.3054093355,35000.1286353678,76694.53681441875,LOMA CAMPANA,68695.62
2019-01-01,60099.74291127345,39527.77208537949,82083.02917911629,LOMA CAMPANA,64659.97
2019-02-01,54798.26308736594,32785.251964857416,75397.07646623028,LOMA CAMPANA,54815.92
2019-03-01,61917.08198393048,40865.53359188277,83367.40976029108,LOMA CAMPANA,56557.05
2019-04-01,58809.359131342586,37876.795609010034,80342.7872420619,LOMA CAMPANA,49646.2
2019-05-01,60650.90756501235,39186.126221956045,80780.79203548619,LOMA CAMPANA,49657.55
2019-06-01,60555.435591278576,41247.75012013263,82072.56727716619,LOMA CAMPANA,47911.61
2019-07-01,63831.82184822857,42533.45195060305,85445.1542263832,LOMA CAMPANA,56827.5
2019-08-01,65963.95479531819,44647.295809091615,86865.70469724356,LOMA CAMPANA,70797.59
2019-09-01,67243.99941367506,46139.60159580988,87328.29042277209,LOMA CAMPANA,76838.74
2019-10-01,69508.76552041234,47424.06279761246,89926.13991143717,LOMA CAMPANA,76897.28
2019-11-01,62826.86730197345,42275.47417674908,83488.60807852987,LOMA CAMPANA,73708.81
2019-12-01,64060.87930151909,43752.40868372074,84930.04730043907,LOMA CAMPANA,70809.92
2020-01-01,67814.87257631459,44600.54085830698,88601.66643283732,LOMA CAMPANA,65170.1
2020-02-01,61777.862738671516,40006.69372705347,82463.41349475717,LOMA CAMPANA,58982.61
2020-03-01,69699.94015711603,48692.39884529552,90619.32017190025,LOMA CAMPANA,60744.75
2020-04-01,66158.86328595756,44422.94266947813,87296.6648635718,LOMA CAMPANA,37820.159999999996
2020-05-01,68233.95269247642,47808.69431922544,88923.6865133172,LOMA CAMPANA,32151.77
2020-06-01,68108.53696937831,44185.44590262461,89608.28904516359,LOMA CAMPANA,49711.87
2020-07-01,71643.46559916213,49802.61996367739,93191.25136495919,LOMA CAMPANA,57984.0
2020-08-01,73957.56455506594,52771.81460487635,93256.92341571531,LOMA CAMPANA,60654.1
2020-09-01,75286.66269076419,54095.376795148266,95473.45154974071,LOMA CAMPANA,58566.85
2020-10-01,77755.05742708691,56387.70040769551,99117.23744877536,LOMA CAMPANA,57700.16
2020-11-01,70097.70218728809,49415.25169674056,91025.07773367909,LOMA CAMPANA,48738.11
2020-12-01,71261.84410340851,48702.079919848875,92250.07793215444,LOMA CAMPANA,52341.79
2021-01-01,75823.37572715181,55362.80637928443,97726.69990897221,LOMA CAMPANA,67801.44
2021-02-01,68952.32748281349,48718.836349061574,90655.90032395642,LOMA CAMPANA,74847.91
2021-03-01,77578.08611108175,56435.66718168853,97883.32458042406,LOMA CAMPANA,101145.54
2021-04-01,73550.72081898183,51508.08894630647,94180.37257636504,LOMA CAMPANA,87511.19
2021-05-01,75759.89396299489,53884.0897886113,96621.13144534249,LOMA CAMPANA,84125.61
2021-06-01,75526.49240136171,54345.18161967332,97497.05420971513,LOMA CAMPANA,75415.46
2021-07-01,79403.64407337374,58754.26731155111,101415.08806163799,LOMA CAMPANA,69400.05
2021-08-01,81894.18646002068,60222.426144405305,103129.31665879188,LOMA CAMPANA,66846.29
2021-09-01,83301.37767549517,61281.83072995197,106169.08337311099,LOMA CAMPANA,61776.22
2021-10-01,85957.23535045629,64876.067987058945,106875.92510517406,LOMA CAMPANA,61105.14
2021-11-01,77462.23384884806,55867.79961617471,98946.41484406931,LOMA CAMPANA,53348.89
2021-12-01,78741.14425658359,57310.54220892053,101097.85904218424,LOMA CAMPANA,53970.44
2022-01-01,83545.14339249794,60536.68384716891,104666.72378000649,LOMA CAMPANA,67607.56999999999
2022-02-01,75924.29544763883,55107.6128116207,97401.66930738174,LOMA CAMPANA,52481.84
2022-03-01,85461.66103443327,64109.710764985946,107320.19734359723,LOMA CAMPANA,62070.21
2022-04-01,80946.58363155957,60981.6357581992,101281.85992322023,LOMA CAMPANA,63099.69
2022-05-01,83282.69306683599,62617.982242031154,103155.09590445994,LOMA CAMPANA,67097.87
2022-06-01,82938.52566074199,61770.92152066806,103324.17766174662,LOMA CAMPANA,77235.05
2022-07-01,87162.16307880942,66043.02224994045,107846.99253676926,LOMA CAMPANA,90370.85
2022-08-01,89828.6696828564,69665.82759914373,110608.63449998818,LOMA CAMPANA,101835.22
2022-09-01,91315.77999565004,70283.48476645327,111314.75596107429,LOMA CAMPANA,131902.2
2022-10-01,94156.82664440636,72930.30799248535,115777.8409672342,LOMA CAMPANA,158952.81
2022-11-01,84835.89051490305,62543.25357685907,106296.22722404511,LOMA CAMPANA,150306.67
2022-12-01,86235.88369308099,65141.09114347663,106740.3577233371,LOMA CAMPANA,148432.11000000002
2023-01-01,91248.75458029726,69485.64253624999,113404.18332815847,LOMA CAMPANA,127219.95999999999
2023-02-01,82890.63999418507,62383.12935769801,103844.40213266906,LOMA CAMPANA,114888.54
2023-03-01,93350.10031681632,72312.69838019871,114735.43247732957,LOMA CAMPANA,125886.68
2023-04-01,88346.53356753392,68238.7977909261,109684.72747142639,LOMA CAMPANA,123675.11
2023-05-01,90802.05031366034,70541.26223940024,112187.72204226642,LOMA CAMPANA,122059.34
2023-06-01,90344.89189593497,69402.15136518722,111431.3967390689,LOMA CAMPANA,114929.88
2023-07-01,94919.03008172942,73256.17255325854,116036.39987960129,LOMA CAMPANA,119497.31
2023-08-01,97760.9680112873,75435.74997522144,120403.59997777265,LOMA CAMPANA,112898.73
2023-09-01,99329.86591767121,78968.39425022075,120475.91442910276,LOMA CAMPANA,107151.91
2023-10-01,102353.4705324554,80885.48691379139,122939.89068834284,LOMA CAMPANA,108836.38
2023-11-01,92219.50403060342,71116.39547391447,112608.28086826386,LOMA CAMPANA,98264.62
2023-12-01,93745.66438795596,73567.84594121262,113561.64695948335,LOMA CAMPANA,92311.62
2024-01-01,98933.23478660201,77374.99867032847,118811.79534758543,LOMA CAMPANA,90011.9
2024-02-01,89852.65825493142,68854.41967541329,111068.34815807585,LOMA CAMPANA,82230.6
2024-03-01,101091.73372677887,80709.9912650868,122665.57284862884,LOMA CAMPANA,87744.88
2024-04-01,95673.75299529685,74349.83629741422,116697.0484779595,LOMA CAMPANA,87805.04
2024-05-01,98398.26103004295,77267.84382423836,118933.45189742158,LOMA CAMPANA,102799.26
2024-06-01,97937.60493864884,76198.83400443067,118447.7343993862,LOMA CAMPANA,97979.56
2024-07-01,102741.04061003966,82145.00300400642,124870.39628372648,LOMA CAMPANA,97910.2
2024-08-01,105766.63501498652,85232.64070966824,128461.18644631606,LOMA CAMPANA,93394.68000000001
2024-09-01,107374.54327066909,85914.03331815425,128645.60264271872,LOMA CAMPANA,85906.95
2024-10-01,110607.47539017168,90344.77970996508,133195.29156533958,LOMA CAMPANA,81530.14
2024-11-01,99451.64033903356,77732.31619177428,119582.40194697006,LOMA CAMPANA,60185.02
2024-12-01,100848.86500340169,78784.84397721909,122004.93811605473,LOMA CAMPANA,64988.32
2025-01-01,107029.37511911908,85355.18353219517,128705.1608965764,LOMA CAMPANA,95815.43000000001
2025-02-01,97084.79517841511,76019.74373424311,118520.79057602871,LOMA CAMPANA,110094.3
2025-03-01,108984.27929131377,88685.11126324459,129527.09811995375,LOMA CAMPANA,122422.6
2025-04-01,103072.9099665325,82058.31064721468,125586.62639470727,LOMA CAMPANA,106820.13
2025-05-01,105920.2315345846,85159.91583059063,127296.62299928251,LOMA CAMPANA,102898.09
2025-06-01,105342.05636901077,83399.84212339936,126076.32456024224,LOMA CAMPANA,97112.12
2025-07-01,110497.73625422776,91349.4172351826,132388.19495012797,LOMA CAMPANA,97131.94
2025-08-01,113699.29453943223,92121.37710795036,135165.09131971057,LOMA CAMPANA,86621.25
2025-09-01,115388.57862641594,94017.99812479157,137366.13432698805,LOMA CAMPANA,89974.20999999999
2025-10-01,118807.62590759505,98238.07503218351,140337.56369538812,LOMA CAMPANA,99559.13
2025-11-01,106827.9505784141,84968.28710315324,127651.64758767327,LOMA CAMPANA,112275.19
2025-12-01,108361.12047785592,88691.55006241953,129947.52936769494,LOMA CAMPANA,123034.88
2026-01-01,114723.38029142964,92737.50900392294,135815.2636835542,LOMA CAMPANA,121930.23
2026-02-01,104035.90462272032,82956.66460884603,123574.69456892037,LOMA CAMPANA,107231.33
2026-03-01,116881.60458003539,95415.67180690792,138623.81984113177,LOMA CAMPANA,112710.39
2026-04-01,110476.20282808576,88693.5485998308,132063.25467250514,LOMA CAMPANA,
2026-05-01,113438.64050737883,93469.61860069643,135974.83793903395,LOMA CAMPANA,
2026-06-01,112740.88213636767,93050.21415904135,134223.15576535324,LOMA CAMPANA,
2026-07-01,118252.80122055471,96365.99799894662,139251.11044031728,LOMA CAMPANA,
2026-08-01,121629.75913098428,99165.90915167468,141998.07341568315,LOMA CAMPANA,
2026-09-01,123402.31076157831,101938.89617560638,144661.01439533258,LOMA CAMPANA,
2026-10-01,127004.64080490326,107221.76732037644,147671.76382972245,LOMA CAMPANA,
2026-11-01,114214.50773416432,92731.91264756213,135623.51350748868,LOMA CAMPANA,
2026-12-01,115888.46205405523,94598.4990879643,137985.29264628206,LOMA CAMPANA,
2027-01-01,122397.76632589145,101686.00790757198,143577.24572263824,LOMA CAMPANA,
2027-02-01,110983.01696595208,89250.95653142077,132178.71195251466,LOMA CAMPANA,
2027-03-01,124783.11871821903,103228.36547042921,144957.11796269042,LOMA CAMPANA,
2014-03-01,-7046.631535148691,-21668.24655648789,7474.8737915602305,CRUZ DE LORENA,409.0
2014-04-01,-6489.8069426224865,-20329.273737458978,7994.630545934256,CRUZ DE LORENA,2276.0
2014-05-01,-5732.048137204075,-19296.964678845798,8345.535358924317,CRUZ DE LORENA,2081.0
2014-06-01,-5347.490075736126,-20062.962263739315,7665.320116268124,CRUZ DE LORENA,1713.0
2014-07-01,-4873.24502742764,-20050.26652758983,8529.93280102095,CRUZ DE LORENA,1463.0
2014-08-01,-3836.6462969557506,-18204.38161474318,10740.705031419786,CRUZ DE LORENA,1366.0
2014-09-01,-3856.361671110219,-18708.869954223745,9560.785916449742,CRUZ DE LORENA,1360.0
2014-10-01,-3533.610960316879,-17695.313652279732,9708.24505939649,CRUZ DE LORENA,1541.0
2014-11-01,-3033.7946087442756,-16269.61263226379,10759.072916744743,CRUZ DE LORENA,1200.0
2014-12-01,-2935.6282738729356,-17309.61271518719,11867.21741633584,CRUZ DE LORENA,1334.0
2015-01-01,-2930.4933109274,-17655.858062595216,11817.115567867895,CRUZ DE LORENA,921.0
2015-02-01,-2518.3045852240953,-16493.975483826875,11537.729473688725,CRUZ DE LORENA,873.0
2015-03-01,-2622.0617590403035,-16905.34750899385,12013.544835148243,CRUZ DE LORENA,940.0
2015-04-01,-2181.6311040545256,-17450.02026874683,12482.707691654587,CRUZ DE LORENA,249.0
2015-05-01,-1709.4048672855517,-16611.07990217904,12471.448052294958,CRUZ DE LORENA,0.0
2015-06-01,-1353.971204331828,-16203.462666024518,12134.658594257819,CRUZ DE LORENA,959.0
2015-07-01,-995.9081824932732,-15602.985655600989,12536.960985001753,CRUZ DE LORENA,1079.0
2015-08-01,-563.422419859774,-15302.107403094267,12893.762980387002,CRUZ DE LORENA,871.0
2015-09-01,-308.6148308394338,-13724.658715448992,13619.555885352898,CRUZ DE LORENA,328.0
2015-10-01,-17.136778467290842,-13887.580400550045,15157.892239563873,CRUZ DE LORENA,0.0
2015-11-01,264.5762209455056,-13344.906373985887,14852.246616076585,CRUZ DE LORENA,0.0
2015-12-01,570.7817163244615,-13430.166976971273,15962.26903360308,CRUZ DE LORENA,1574.06
2016-01-01,956.7719028416292,-13668.895323387667,15240.53568070731,CRUZ DE LORENA,1604.84
2016-02-01,1249.3713770799536,-13162.479350406073,15347.35421114077,CRUZ DE LORENA,3827.2000000000003
2016-03-01,1817.074321632864,-12591.930601501796,14822.598619022296,CRUZ DE LORENA,3410.16
2016-04-01,2138.303065788147,-11876.93262262454,15634.753614661351,CRUZ DE LORENA,2519.81
2016-05-01,2322.3985079131917,-12862.64392405031,17730.50171020387,CRUZ DE LORENA,0.0
2016-06-01,2650.6608068093265,-10903.589319711411,17286.457120390933,CRUZ DE LORENA,1385.7
2016-07-01,2892.783126554803,-11601.451508685885,17217.83495733732,CRUZ DE LORENA,2354.46
2016-08-01,2716.3814695481406,-10984.268468787244,16846.680255183353,CRUZ DE LORENA,2061.71
2016-09-01,3253.734683044911,-9824.69793462131,17802.796290075432,CRUZ DE LORENA,727.84
2016-10-01,3516.377714527355,-10299.133350869772,16943.41453856816,CRUZ DE LORENA,0.0
2016-11-01,3556.1378676863005,-11224.942909199499,17809.5687288972,CRUZ DE LORENA,146.2
2016-12-01,4048.653354403241,-11186.725129095656,18086.84044813005,CRUZ DE LORENA,1313.56
2017-01-01,4918.599498915948,-8893.255651953981,20106.480962410293,CRUZ DE LORENA,1777.18
2017-02-01,5057.751082312703,-8890.364700210961,18512.724361788878,CRUZ DE LORENA,2142.92
2017-03-01,6241.659064785572,-7565.130156551803,20764.825201382104,CRUZ DE LORENA,2168.06
2017-04-01,6446.48458154319,-7123.277118666114,21427.127181574786,CRUZ DE LORENA,2393.0
2017-05-01,6345.067555372135,-8437.045727619867,20695.97989191761,CRUZ DE LORENA,6813.0
2017-06-01,6644.240624364937,-6982.913655382441,20814.44885792175,CRUZ DE LORENA,9080.0
2017-07-01,6770.181750733241,-7622.2024091093235,21118.759981056373,CRUZ DE LORENA,9247.0
2017-08-01,5989.988134335748,-9147.973731580521,19820.186584133306,CRUZ DE LORENA,7927.0
2017-09-01,6802.536577648106,-6720.24374911837,20252.179923088093,CRUZ DE LORENA,6706.0
2017-10-01,7034.175169082647,-8034.245864747531,21168.973409179933,CRUZ DE LORENA,4967.0
2017-11-01,6856.050209283205,-8124.988723839025,20697.291650308864,CRUZ DE LORENA,4054.0
2017-12-01,7570.548420250681,-6834.113929134929,20873.723927018655,CRUZ DE LORENA,5081.0
2018-01-01,8838.25317963273,-5639.123604964285,23452.478759466037,CRUZ DE LORENA,4075.0
2018-02-01,8869.912640643577,-5801.059618599878,23589.073051664134,CRUZ DE LORENA,7699.0
2018-03-01,10748.099118143746,-3836.8821449442894,24455.47366266369,CRUZ DE LORENA,11404.397
2018-04-01,10895.105098107942,-2720.424830197027,26752.64066177097,CRUZ DE LORENA,9859.508999999991
2018-05-01,10574.521189600058,-3626.517297313723,24120.655924342445,CRUZ DE LORENA,11960.814416666657
2018-06-01,10896.860256621552,-3740.1861120963727,25308.994823119196,CRUZ DE LORENA,10035.905500000003
2018-07-01,10961.392547731873,-3319.55831501136,25531.582785280043,CRUZ DE LORENA,9046.0
2018-08-01,9588.054914482933,-5222.872880245517,24487.12838126507,CRUZ DE LORENA,8314.442999999996
2018-09-01,10833.949975433323,-2887.308169421558,25203.73325438981,CRUZ DE LORENA,11197.0
2018-10-01,11164.803656681786,-3259.2987991642594,24932.7324264716,CRUZ DE LORENA,12846.0
2018-11-01,10882.98942876816,-3833.3893665987034,25360.94984803466,CRUZ DE LORENA,10959.064999999999
2018-12-01,11988.135138155221,-2217.6914871974923,25665.348136853474,CRUZ DE LORENA,11140.01887499999
2019-01-01,13923.713974716682,186.69196016264138,27937.096671514082,CRUZ DE LORENA,10750.152179959716
2019-02-01,14074.235868119575,1333.7176916959586,29173.41096228401,CRUZ DE LORENA,8979.366432292758
2019-04-01,17363.49506704747,2893.2165220003767,31797.60510073844,CRUZ DE LORENA,6388.6
2019-05-01,16849.792420998034,3370.206824798294,30991.462648118737,CRUZ DE LORENA,6306.6900000000005
2019-06-01,17461.122177073543,2867.6363168335083,32310.249667893044,CRUZ DE LORENA,6080.67
2019-07-01,17677.720862974977,2889.366391159775,31813.93539305907,CRUZ DE LORENA,5566.18
2019-08-01,15572.967530689017,1478.449650962725,29550.04616144333,CRUZ DE LORENA,4855.48
2019-09-01,17536.411425439175,3050.180721639628,32458.9483772295,CRUZ DE LORENA,4960.5
2019-10-01,18166.65688063972,3329.344370503872,33140.00412508278,CRUZ DE LORENA,6039.5
2019-11-01,17855.28863152614,4010.491928888037,31729.03240197668,CRUZ DE LORENA,5280.98
2019-12-01,19793.26560060161,4915.1873988968855,33230.121377400086,CRUZ DE LORENA,5947.42
2020-01-01,22673.027223773774,8839.554660526195,37048.74168393971,CRUZ DE LORENA,5612.18
2020-02-01,23024.953380216903,8974.475357748763,37935.02974493924,CRUZ DE LORENA,5955.9
2020-03-01,28108.987670379374,14677.028017742578,41877.07583005826,CRUZ DE LORENA,13289.83
2020-04-01,28552.63235657336,13789.162845447789,43636.47864224197,CRUZ DE LORENA,14978.77
2020-05-01,27627.928064106483,13768.62313033642,40997.26791902718,CRUZ DE LORENA,16542.65
2020-06-01,28622.003507165387,13473.381706220156,42885.789625332865,CRUZ DE LORENA,20227.3
2020-07-01,28850.938872973915,15084.241660096883,44420.293230715535,CRUZ DE LORENA,23164.85
2020-08-01,25242.556436629387,11613.987369742534,39254.249665127085,CRUZ DE LORENA,22534.75
2020-09-01,28432.059229088376,13870.451059408619,43468.54761418504,CRUZ DE LORENA,23190.46
2020-10-01,29156.555115348034,15137.420837386026,43243.973514825244,CRUZ DE LORENA,24694.44
2020-11-01,28098.295361631335,13947.025840471093,42570.382964674565,CRUZ DE LORENA,24235.93
2020-12-01,30680.014319428745,16415.804699776283,44234.12752822665,CRUZ DE LORENA,25226.42
2021-01-01,35847.87021577627,21324.99488857801,50323.95659702399,CRUZ DE LORENA,26030.06
2021-02-01,35583.68314397807,21237.22334203803,50027.65883362476,CRUZ DE LORENA,23461.260000000002
2021-03-01,42651.29213719894,28872.503405600906,56971.20592656046,CRUZ DE LORENA,15916.65
2021-04-01,42763.96558148947,27720.261696216447,56884.04441206137,CRUZ DE LORENA,25969.4
2021-05-01,40995.11305947789,26102.827106752025,54713.1526017263,CRUZ DE LORENA,25915.57
2021-06-01,41861.17632435013,27946.984110063047,56153.037983561786,CRUZ DE LORENA,45903.48
2021-07-01,41703.33101397163,27980.750926742836,56519.52846265501,CRUZ DE LORENA,57847.82
2021-08-01,36104.34378130089,22400.87038099935,50233.329798230356,CRUZ DE LORENA,37110.76
2021-09-01,40181.228506859865,26126.83732853168,54439.32753937809,CRUZ DE LORENA,53624.729999999996
2021-10-01,40796.99233558,25840.78368067643,55114.85233564134,CRUZ DE LORENA,70786.65
2021-11-01,39066.922873044045,24631.689187960048,53754.676289963165,CRUZ DE LORENA,64911.43
2021-12-01,42380.94630351935,28126.76743979567,57391.07258049851,CRUZ DE LORENA,75751.24
2022-01-01,48634.81327350557,34514.36730544124,62549.91635468424,CRUZ DE LORENA,87394.34
2022-02-01,48027.09274222188,34144.570032571944,61677.22263451539,CRUZ DE LORENA,69046.66
2022-03-01,57400.49866250289,43465.691573403004,72781.54203547376,CRUZ DE LORENA,81009.5
2022-04-01,57058.91398180575,42989.061943001216,72285.79327870831,CRUZ DE LORENA,73943.59
2022-05-01,54402.34072850599,40741.58398066751,69198.07388877687,CRUZ DE LORENA,71359.04
2022-06-01,55095.986651178275,41269.45464392849,68110.58732264081,CRUZ DE LORENA,81376.63
2022-07-01,54549.649904359205,41220.34469193596,68885.349671352,CRUZ DE LORENA,66267.16
2022-08-01,46980.354260631204,32955.85034842478,60482.22341144797,CRUZ DE LORENA,47748.67
2022-09-01,51910.17851279828,37056.50653724436,63965.78425715192,CRUZ DE LORENA,55258.39
2022-10-01,52414.52655649772,38225.64969880082,66977.59637837094,CRUZ DE LORENA,69649.24
2022-11-01,50083.95416686187,34976.90253460137,64251.997935554304,CRUZ DE LORENA,68562.32
2022-12-01,54173.068393378904,38599.295754995605,67074.45380549699,CRUZ DE LORENA,74252.87
2023-01-01,61275.51343431127,46654.354630591835,76784.08934457344,CRUZ DE LORENA,72073.62
2023-02-01,60414.66575893052,45914.30057790595,74142.26368589129,CRUZ DE LORENA,58130.06
2023-03-01,72194.48844200688,59499.00600553697,86709.95934356029,CRUZ DE LORENA,65747.83
2023-04-01,71358.88134587281,57090.07548670388,85192.7968502769,CRUZ DE LORENA,71181.88
2023-05-01,67848.63364572005,53637.644890046,82224.12137299567,CRUZ DE LORENA,67672.18
2023-06-01,68324.41061165724,53825.88701541803,81258.58231082137,CRUZ DE LORENA,54599.619999999995
2023-07-01,67388.72397153486,52600.87515235555,80146.51463400132,CRUZ DE LORENA,61415.98
2023-08-01,57871.96355703012,44988.935986213466,71832.88038921777,CRUZ DE LORENA,64665.13
2023-09-01,63618.415734023365,49779.528612789065,78597.32461963451,CRUZ DE LORENA,62180.93
2023-10-01,64010.78922578508,49309.55149504847,78719.36097052306,CRUZ DE LORENA,55777.57
2023-11-01,61152.0445487605,46053.12724040102,75491.81513553717,CRUZ DE LORENA,66411.31
2023-12-01,66052.33838982748,52407.21330926007,81247.26399097085,CRUZ DE LORENA,72711.81
2024-01-01,73766.04270689034,58828.70041477548,87508.28035391825,CRUZ DE LORENA,53758.96
2024-02-01,72750.89527591465,57899.03446357961,87257.28486964597,CRUZ DE LORENA,77011.03
2024-03-01,86545.00418513438,72527.47320022866,100500.7324975484,CRUZ DE LORENA,98223.07
2024-04-01,85635.703709007,71406.19019697876,99649.88064647814,CRUZ DE LORENA,93705.63
2024-05-01,80891.96344341784,66024.5211528028,95155.12463541608,CRUZ DE LORENA,86284.79
2024-06-01,81634.45167318918,67661.68359557325,95402.36399128662,CRUZ DE LORENA,81564.53
2024-07-01,80330.03107910603,65899.20548635809,95235.3254384348,CRUZ DE LORENA,76732.14
2024-08-01,68640.5194308053,53953.952173548605,83236.22780973931,CRUZ DE LORENA,68286.0
2024-10-01,75926.78595343813,61608.69313475023,90940.52754743813,CRUZ DE LORENA,62667.97
2024-11-01,71687.346086932,57566.340867331346,86171.68835266578,CRUZ DE LORENA,48328.55
2024-12-01,76804.8258448188,62868.28307884385,91033.5320125171,CRUZ DE LORENA,46835.51
2025-01-01,88076.0388196515,73341.80905836781,102689.00299653478,CRUZ DE LORENA,56385.01
2025-02-01,85872.33210617189,72836.12045386544,99530.09347964132,CRUZ DE LORENA,52632.13
2025-03-01,101338.69994196777,87876.422804071,115530.33737938461,CRUZ DE LORENA,49244.13
2025-04-01,99937.1775948843,86104.71337598599,113757.1711478689,CRUZ DE LORENA,47621.88
2025-05-01,94339.02424499215,79422.65366442408,107851.39500798199,CRUZ DE LORENA,49724.3
2025-06-01,94868.50652819646,80874.81043784737,108929.01998238773,CRUZ DE LORENA,59857.729999999996
2025-07-01,93172.51996498519,78822.25168447437,108279.13007708242,CRUZ DE LORENA,76040.81
2025-08-01,79526.30826023976,65560.93446968835,94668.90131140087,CRUZ DE LORENA,73773.73
2025-09-01,87303.86330063357,72349.92221457268,102357.82420066299,CRUZ DE LORENA,67789.09
2025-10-01,87516.70091708853,72809.25391178,101257.22632187314,CRUZ DE LORENA,63637.21
2025-11-01,82744.09898488647,66405.15385860017,95541.23295705213,CRUZ DE LORENA,58712.32
2025-12-01,88699.88391573486,73651.76277772365,102844.49905030712,CRUZ DE LORENA,50444.41
2026-01-01,100584.02188754016,87663.45892504022,115093.94177360939,CRUZ DE LORENA,59433.05
2026-02-01,98190.25042003866,84550.18979836752,111709.18839813046,CRUZ DE LORENA,52981.65
2026-03-01,116177.39894109864,101767.5808897755,130652.4688718105,CRUZ DE LORENA,57150.83
2026-04-01,114243.5797065698,99801.08521063653,128822.20927815953,CRUZ DE LORENA,
2026-05-01,107825.1824951564,93368.18194589597,121723.72605929617,CRUZ DE LORENA,
2026-06-01,108095.66748081577,92712.02366326962,121906.26194901699,CRUZ DE LORENA,
2026-07-01,106007.35748432328,92518.4118414528,120724.44361445884,CRUZ DE LORENA,
2026-08-01,90428.16662776569,76401.90770514216,105252.82811383274,CRUZ DE LORENA,
2026-09-01,98993.2265350174,84722.23995671138,112616.77571632172,CRUZ DE LORENA,
2026-10-01,99085.79726152039,85534.48109171483,112627.81673773717,CRUZ DE LORENA,
2026-11-01,93853.07580015149,79560.63124463725,108853.84544564012,CRUZ DE LORENA,
2026-12-01,100681.14719620599,86688.34629816854,114979.43573611733,CRUZ DE LORENA,
2027-01-01,112939.9794686554,99658.82445119674,127337.0245404744,CRUZ DE LORENA,
2027-02-01,110458.01961456587,95791.5614895521,124901.06009545215,CRUZ DE LORENA,
2027-03-01,131060.93640459367,116268.00474646538,145827.53427879154,CRUZ DE LORENA,
2006-01-01,-1959.3435651750933,-4784.326455021581,856.6367184912972,ESTACION FERNANDEZ ORO,0.0
2006-02-01,-1553.0483295907648,-4363.95581433801,1177.2586686273553,ESTACION FERNANDEZ ORO,0.0
2006-03-01,-1633.3874152423998,-4404.126268121561,1187.6972364338685,ESTACION FERNANDEZ ORO,0.0
2006-04-01,-1536.6144075557877,-4391.515900845038,1094.4691626749816,ESTACION FERNANDEZ ORO,0.0
2006-05-01,-1533.0940416007568,-4389.011914781869,1309.7440913941934,ESTACION FERNANDEZ ORO,0.0
2006-06-01,-1412.4987797309952,-4212.0199006054245,1348.8477008714833,ESTACION FERNANDEZ ORO,0.0
2006-07-01,-1363.8414050455701,-4082.957619444844,1516.7129906097134,ESTACION FERNANDEZ ORO,0.0
2006-08-01,-1278.6760865262384,-4231.879644207237,1551.997379247479,ESTACION FERNANDEZ ORO,0.0
2006-09-01,-1125.0904771547387,-3757.433122784245,1606.0569200321825,ESTACION FERNANDEZ ORO,0.0
2006-10-01,-1049.2130088632491,-3779.469580288848,1809.9666763177763,ESTACION FERNANDEZ ORO,0.0
2006-11-01,-870.0884866941149,-3833.8289931600325,1811.9523855287077,ESTACION FERNANDEZ ORO,0.0
2006-12-01,-833.6708294328934,-3747.481173748136,1818.7795492576818,ESTACION FERNANDEZ ORO,0.0
2007-01-01,-721.5717002023334,-3402.6533630535164,2122.884649765077,ESTACION FERNANDEZ ORO,0.0
2007-02-01,-510.46896174742494,-3193.3209655758187,2056.3706645089883,ESTACION FERNANDEZ ORO,0.0
2007-03-01,-493.8476748580357,-3235.796639962686,2240.630664475761,ESTACION FERNANDEZ ORO,0.0
2007-04-01,-384.05611960157336,-3222.2842411332963,2539.3848217905233,ESTACION FERNANDEZ ORO,0.0
2007-05-01,-314.5015366779299,-3058.4485011117554,2520.8578633914535,ESTACION FERNANDEZ ORO,0.0
2007-06-01,-207.03538986162408,-3093.6929151086797,2769.8097850048316,ESTACION FERNANDEZ ORO,0.0
2007-07-01,-112.45582347029402,-2998.368623236069,2703.226907318701,ESTACION FERNANDEZ ORO,869.63
2007-08-01,-5.805982892569589,-2537.926330269057,2949.2707235616895,ESTACION FERNANDEZ ORO,726.4
2007-09-01,98.12653561014899,-2798.2358350652826,2924.8539510049563,ESTACION FERNANDEZ ORO,464.82
2007-10-01,203.65485251680536,-2669.4250677452783,2886.8744134284643,ESTACION FERNANDEZ ORO,277.92
2007-11-01,285.76122543156004,-2555.1232888770955,2949.582865092092,ESTACION FERNANDEZ ORO,172.31
2007-12-01,414.1635794253297,-2411.5493492943024,3060.08169698384,ESTACION FERNANDEZ ORO,521.59
2008-01-01,509.5263461592961,-2488.081259969748,3276.259190847519,ESTACION FERNANDEZ ORO,394.76
2008-02-01,502.0918404215437,-2435.9286962013384,3421.464220573048,ESTACION FERNANDEZ ORO,320.85
2008-03-01,643.171563374661,-2287.6430806324256,3384.6754250838485,ESTACION FERNANDEZ ORO,304.82
2008-04-01,780.6874272147966,-2082.875858191456,3444.9290441895246,ESTACION FERNANDEZ ORO,277.52
2008-05-01,902.3787463236376,-1971.2031713442723,3586.1239474608656,ESTACION FERNANDEZ ORO,879.5799999999999
2008-06-01,1001.4266237130706,-1633.206405896266,3657.810019888442,ESTACION FERNANDEZ ORO,803.84
2008-07-01,1134.5968691828677,-1687.1283902059647,4128.888157569422,ESTACION FERNANDEZ ORO,1022.2800000000001
2008-08-01,1281.6012310601013,-1475.5152263667069,3933.0354505294317,ESTACION FERNANDEZ ORO,851.71
2008-09-01,1329.9237228736097,-1214.543737113637,3993.399615541291,ESTACION FERNANDEZ ORO,996.11
2008-10-01,1459.9539726566777,-1321.3471102347198,4271.448146418807,ESTACION FERNANDEZ ORO,951.06
2008-11-01,1450.0575304433696,-1446.6914560555372,4155.086132985885,ESTACION FERNANDEZ ORO,1182.32
2008-12-01,1622.9050715588285,-1209.3017411489561,4271.581789471562,ESTACION FERNANDEZ ORO,2227.71
2009-01-01,1755.7342377906589,-1152.6941094499866,4625.51708797252,ESTACION FERNANDEZ ORO,2511.19
2009-02-01,1577.8719155066158,-1153.8693672844588,4486.796662549618,ESTACION FERNANDEZ ORO,1910.15
2009-03-01,1782.7779095407982,-1084.7531583965958,4576.079965822482,ESTACION FERNANDEZ ORO,1948.8
2009-04-01,1933.2745427032687,-947.0315285365031,4458.439974241811,ESTACION FERNANDEZ ORO,1550.61
2009-05-01,2120.946679049464,-637.2972943904304,4888.881575802854,ESTACION FERNANDEZ ORO,2741.35
2009-06-01,2206.9131943145117,-744.0323901171099,4794.295529325139,ESTACION FERNANDEZ ORO,1855.74
2009-07-01,2386.126758740685,-454.1812752782549,5050.553381009956,ESTACION FERNANDEZ ORO,1521.83
2009-08-01,2554.61801735613,-182.76098570359235,5219.857056492456,ESTACION FERNANDEZ ORO,1141.93
2009-09-01,2553.124552247745,-150.8947395190052,5353.107593649006,ESTACION FERNANDEZ ORO,1215.35
2009-10-01,2712.849115041503,-53.950160161756095,5507.7681741485085,ESTACION FERNANDEZ ORO,1275.41
2009-11-01,2605.73785802358,-223.71479788624794,5450.8501524216645,ESTACION FERNANDEZ ORO,1053.97
2009-12-01,2871.1363792145344,69.73735207534666,5764.716694082248,ESTACION FERNANDEZ ORO,1028.3899999999999
2010-01-01,2987.745299090995,257.8537714746131,5897.29503133964,ESTACION FERNANDEZ ORO,945.1
2010-02-01,2590.1880893117714,-418.07932168208447,5197.303043310912,ESTACION FERNANDEZ ORO,757.92
2010-03-01,2958.999886142881,57.08408428006946,5738.547242973505,ESTACION FERNANDEZ ORO,936.29
2010-04-01,3057.795685175014,340.04443902848794,5916.351121931513,ESTACION FERNANDEZ ORO,1202.34
2010-05-01,3378.5726538630925,881.3879643886264,6083.937633371135,ESTACION FERNANDEZ ORO,1720.45
2010-06-01,3469.385329493362,660.647195011973,6266.966825807068,ESTACION FERNANDEZ ORO,2535.44
2010-07-01,3734.16755072793,957.5967501778999,6421.70159852964,ESTACION FERNANDEZ ORO,2341.56
2010-08-01,3935.2314265880764,1263.6947059263553,6768.307399101493,ESTACION FERNANDEZ ORO,2033.25
2010-09-01,3915.2180167925667,943.1291092394443,6589.479188191648,ESTACION FERNANDEZ ORO,2742.53
2010-10-01,4141.208015449248,1110.5856682945064,6937.330677562035,ESTACION FERNANDEZ ORO,3035.85
2010-11-01,3947.3896100136885,1036.8857199420881,6645.070025430756,ESTACION FERNANDEZ ORO,2496.48
2010-12-01,4399.628643530558,1545.2150018866969,7291.868611619193,ESTACION FERNANDEZ ORO,2738.59
2011-01-01,4517.937695906636,1689.6948120677828,7153.967748472406,ESTACION FERNANDEZ ORO,3475.8900000000003
2011-02-01,3868.839647146557,1060.6582478085706,6458.014774431255,ESTACION FERNANDEZ ORO,2513.71
2011-03-01,4554.8676952471815,1769.8859076551807,7397.554092302493,ESTACION FERNANDEZ ORO,3722.05
2011-04-01,4574.906101946717,1687.7366458474817,7356.712600235703,ESTACION FERNANDEZ ORO,4953.89
2011-05-01,5097.662468480784,2350.7898575917834,8147.406722621641,ESTACION FERNANDEZ ORO,4923.39
2011-06-01,5169.657090229315,2455.3686985775453,7914.268523650296,ESTACION FERNANDEZ ORO,4432.6
2011-07-01,5555.303916000984,2550.275406748332,8323.076591420226,ESTACION FERNANDEZ ORO,3707.52
2011-08-01,5779.154014672554,3064.988782083034,8497.060972205687,ESTACION FERNANDEZ ORO,3528.29
2011-09-01,5739.756911130129,2903.511228179511,8588.810362347278,ESTACION FERNANDEZ ORO,3215.85
2011-10-01,6057.23194667755,3335.7064597330796,8670.35669047936,ESTACION FERNANDEZ ORO,5148.86
2011-11-01,5742.849973062345,3040.1047592947766,8583.39403170343,ESTACION FERNANDEZ ORO,6300.82
2011-12-01,6417.110987422034,3744.400650731898,9221.048194969757,ESTACION FERNANDEZ ORO,7477.29
2012-01-01,6448.2182551367505,3781.9558681969156,9214.526180645285,ESTACION FERNANDEZ ORO,7183.51
2012-02-01,5413.494979450397,2816.034015361278,8173.078937114971,ESTACION FERNANDEZ ORO,6814.12
2012-03-01,6127.431771449584,3338.089103600807,8771.361112085502,ESTACION FERNANDEZ ORO,7761.95
2012-04-01,6649.529370574664,3851.4157915515993,9525.81418375978,ESTACION FERNANDEZ ORO,7723.26
2012-05-01,7002.0276004646785,4098.857071213778,9510.921620095904,ESTACION FERNANDEZ ORO,7365.65
2012-06-01,7143.941901765105,4305.182437160066,9996.631467095156,ESTACION FERNANDEZ ORO,8645.18
2012-07-01,7532.587344468473,4756.890998988242,10240.437681823378,ESTACION FERNANDEZ ORO,9388.960000000001
2012-08-01,7963.028792789189,5193.880003055144,10901.173590633818,ESTACION FERNANDEZ ORO,10121.84
2012-09-01,7785.966650080039,4985.279241160603,10572.85793534647,ESTACION FERNANDEZ ORO,10560.72
2012-10-01,8112.87520133844,5219.493037759437,10810.503340863326,ESTACION FERNANDEZ ORO,11104.68
2012-11-01,7671.690349173214,4910.234983245129,10169.987870370369,ESTACION FERNANDEZ ORO,11048.91
2012-12-01,8220.343100919987,5506.7035123695205,11048.991010763428,ESTACION FERNANDEZ ORO,10549.61
2013-01-01,8532.422132523228,5645.210094280859,11250.744531525293,ESTACION FERNANDEZ ORO,8846.31
2013-02-01,7380.528276952951,4720.571218320589,10285.959182836446,ESTACION FERNANDEZ ORO,8287.56
2013-03-01,8075.5911854054975,5404.096590248677,10831.588759767094,ESTACION FERNANDEZ ORO,8927.89
2013-04-01,8471.802473981072,5874.043541265225,11184.516609175898,ESTACION FERNANDEZ ORO,8525.19
2013-05-01,9020.096117652778,6123.414306384767,11915.656834614885,ESTACION FERNANDEZ ORO,10441.01
2013-06-01,9117.878663688914,6351.434520617112,11991.12947660302,ESTACION FERNANDEZ ORO,10326.49
2013-07-01,9602.550693266383,6706.618544018507,12332.474453430912,ESTACION FERNANDEZ ORO,12348.72
2013-08-01,10021.342640407387,7025.743453026556,12625.926954628543,ESTACION FERNANDEZ ORO,12673.44
2013-09-01,9777.343586067005,7136.760112850605,12464.353501172785,ESTACION FERNANDEZ ORO,12509.55
2013-10-01,10163.0493880192,7317.400342963828,12733.139329627611,ESTACION FERNANDEZ ORO,12238.42
2013-11-01,9554.163512658464,6864.458838532941,12375.087931012138,ESTACION FERNANDEZ ORO,11322.487000000001
2013-12-01,10321.752792597015,7656.271101325522,13101.05797440665,ESTACION FERNANDEZ ORO,11085.49
2014-01-01,10535.25278237941,7559.754021228494,13344.915913733337,ESTACION FERNANDEZ ORO,11235.15
2014-02-01,8967.176914639605,6128.3856398330445,11827.91698493751,ESTACION FERNANDEZ ORO,9252.79
2014-03-01,10083.22994738568,7574.771679148185,13012.064044732073,ESTACION FERNANDEZ ORO,9666.4
2014-04-01,10247.122046498635,7517.5858893741915,13040.66841703361,ESTACION FERNANDEZ ORO,9246.1
2014-05-01,11056.44734079316,8154.582898244727,13838.492045443007,ESTACION FERNANDEZ ORO,9716.46
2014-06-01,11092.68942929344,8523.035398644928,13919.895599763315,ESTACION FERNANDEZ ORO,9090.51
2014-07-01,11687.654661702765,9032.236118120194,14571.402194633283,ESTACION FERNANDEZ ORO,8857.87
2014-08-01,12061.899787459826,9224.027336702255,14805.714747802833,ESTACION FERNANDEZ ORO,8753.54
2014-09-01,11764.010944174426,9052.396094328713,14491.478063455408,ESTACION FERNANDEZ ORO,8715.81
2014-10-01,12216.56882899613,9494.61199571198,14804.738969308015,ESTACION FERNANDEZ ORO,8521.02
2014-11-01,11435.701501576912,8714.81071501113,14229.762262390424,ESTACION FERNANDEZ ORO,7825.54
2014-12-01,12468.526506883758,9532.659554280424,15206.47271350408,ESTACION FERNANDEZ ORO,7735.65
2015-01-01,12529.716150839049,9763.246631587375,15176.06848361448,ESTACION FERNANDEZ ORO,8114.72
2015-02-01,10510.64423672087,7764.437149714302,13207.399893001042,ESTACION FERNANDEZ ORO,7763.4
2015-03-01,12162.760749155404,9410.064055541607,14793.578211304935,ESTACION FERNANDEZ ORO,8067.82
2015-04-01,11995.090165113203,9331.810178357628,14808.152790124948,ESTACION FERNANDEZ ORO,8313.12
2015-05-01,13141.62906638218,10313.95538725978,16018.490635096168,ESTACION FERNANDEZ ORO,8528.3
2015-06-01,13106.161655333892,10278.570044028967,15944.466586003064,ESTACION FERNANDEZ ORO,8171.0
2015-07-01,13832.898450546849,11137.204428970277,16533.870978956133,ESTACION FERNANDEZ ORO,8015.94
2015-08-01,14136.694851363662,11460.410898363925,17038.08889635384,ESTACION FERNANDEZ ORO,8984.9
2015-09-01,13803.349619029757,11247.368728686606,16700.008589693338,ESTACION FERNANDEZ ORO,10064.369999999999
2015-10-01,14338.510826768741,11640.479231272187,17020.600810978092,ESTACION FERNANDEZ ORO,8910.07
2015-11-01,13382.92513082245,10479.281923067214,15997.793000003045,ESTACION FERNANDEZ ORO,9115.119999999999
2015-12-01,14737.847511624199,11744.834339001385,17388.962211172766,ESTACION FERNANDEZ ORO,11883.82
2016-01-01,14596.352596972505,11826.62773033675,17366.565302081886,ESTACION FERNANDEZ ORO,11549.029999999999
2016-02-01,12084.522536215727,9312.997896761059,14719.264178317662,ESTACION FERNANDEZ ORO,10643.0
2016-03-01,13507.413869197808,10701.362137698623,16185.981125484097,ESTACION FERNANDEZ ORO,13372.44
2016-04-01,14469.59523092631,11648.009772695614,17151.53451978476,ESTACION FERNANDEZ ORO,16042.59
2016-05-01,15053.396279448712,12039.140287526487,17874.00086707303,ESTACION FERNANDEZ ORO,17876.25
2016-06-01,15174.213176585112,12391.254173129017,17977.58771661809,ESTACION FERNANDEZ ORO,16361.73
2016-07-01,15820.168631783648,13131.484083877014,18560.191843200668,ESTACION FERNANDEZ ORO,17039.23
2016-08-01,16536.70401147192,13929.971289766601,19563.0860322089,ESTACION FERNANDEZ ORO,18926.57
2016-09-01,15993.717177063229,13378.560655248571,18737.676231872472,ESTACION FERNANDEZ ORO,17781.68
2016-10-01,16495.95722329055,13640.209857299553,19217.710307191024,ESTACION FERNANDEZ ORO,16273.0
2016-11-01,15440.317219531553,12697.614286761494,18395.374000702246,ESTACION FERNANDEZ ORO,14132.89
2016-12-01,16386.783648753062,13538.519516246915,19348.792695253862,ESTACION FERNANDEZ ORO,16611.25
2017-01-01,16846.3950243326,14005.71737580808,19605.892901179723,ESTACION FERNANDEZ ORO,15420.26
2017-02-01,14437.096939532961,11789.998507318336,17341.73638936453,ESTACION FERNANDEZ ORO,12271.842
2017-03-01,15668.228423223365,12702.687423627576,18234.337028329,ESTACION FERNANDEZ ORO,14599.519
2017-04-01,16293.139425977886,13549.10293427659,19068.007171362387,ESTACION FERNANDEZ ORO,15864.432
2017-05-01,17204.901947158163,14345.758112679234,19954.15480084844,ESTACION FERNANDEZ ORO,16514.11
2017-06-01,17247.719171505712,14539.846060659505,20013.525588936067,ESTACION FERNANDEZ ORO,18434.678
2017-07-01,18023.295933426223,15419.68627866382,20672.62145067628,ESTACION FERNANDEZ ORO,22399.338
2017-08-01,18641.329971949057,15859.217939604852,21431.85120127827,ESTACION FERNANDEZ ORO,22586.452
2017-09-01,18029.24660325632,15192.94837498328,20716.71372377573,ESTACION FERNANDEZ ORO,19113.733
2017-10-01,18586.705398799517,15913.894108344597,21241.391563724883,ESTACION FERNANDEZ ORO,25668.737
2017-11-01,17328.714073097228,14546.07993913612,20091.37298825954,ESTACION FERNANDEZ ORO,22011.34
2017-12-01,18574.84237914239,15784.49553359874,21448.961294159075,ESTACION FERNANDEZ ORO,25286.29
2018-01-01,18809.93047033783,15983.082622132843,21471.06715376028,ESTACION FERNANDEZ ORO,27347.678
2018-02-01,15887.390425046427,13097.826990185737,18740.474042865742,ESTACION FERNANDEZ ORO,21138.386
2018-03-01,17626.654867649864,14819.751699011693,20574.113815805915,ESTACION FERNANDEZ ORO,23168.449
2018-04-01,17653.22505620814,14865.395132860043,20492.878826802225,ESTACION FERNANDEZ ORO,23145.099
2018-05-01,18784.266735303365,15874.838106694206,21577.811691560466,ESTACION FERNANDEZ ORO,23723.145
2018-06-01,18581.062783823763,15742.725567722475,21397.519743316974,ESTACION FERNANDEZ ORO,23006.77
2018-07-01,19314.445863766792,16397.353644930725,22179.33329010281,ESTACION FERNANDEZ ORO,21526.091
2018-08-01,19660.330146435557,16899.66500779821,22511.448997498723,ESTACION FERNANDEZ ORO,20743.41
2018-09-01,18916.659841473607,16130.56147708542,21804.645689858025,ESTACION FERNANDEZ ORO,21106.64
2018-10-01,19254.438661017255,16345.128833742949,21850.553135783335,ESTACION FERNANDEZ ORO,18879.2
2018-11-01,17657.01196584237,14908.798323401936,20518.5196086418,ESTACION FERNANDEZ ORO,18886.77
2018-12-01,18875.390324779844,16062.12299737577,21591.150400826722,ESTACION FERNANDEZ ORO,18545.39
2019-01-01,18587.798245571485,15808.459676195484,21363.74922417512,ESTACION FERNANDEZ ORO,18784.85
2019-02-01,15282.19800460343,12633.756821325625,18095.861410933423,ESTACION FERNANDEZ ORO,15434.44
2019-03-01,17358.737028660697,14499.868830024167,20132.982294236048,ESTACION FERNANDEZ ORO,16673.19
2019-04-01,16773.255807288067,13966.246435339504,19685.78984296678,ESTACION FERNANDEZ ORO,15602.99
2019-05-01,17927.18809161319,14984.99263181611,20721.264917645924,ESTACION FERNANDEZ ORO,17690.49
2019-06-01,17427.989037285883,14686.468827139563,20386.813593546736,ESTACION FERNANDEZ ORO,18585.97
2019-07-01,17945.913141844427,15319.496391177125,20824.917757017596,ESTACION FERNANDEZ ORO,19468.45
2019-08-01,17878.64265076458,15218.934232606247,20944.610159238982,ESTACION FERNANDEZ ORO,21168.85
2019-09-01,17018.176992031593,14345.478114110192,20002.609924766948,ESTACION FERNANDEZ ORO,20290.67
2019-10-01,17247.853027550453,14506.989400986977,20139.944081006877,ESTACION FERNANDEZ ORO,20241.91
2019-11-01,15693.810367682154,13027.460109186253,18494.449766463033,ESTACION FERNANDEZ ORO,18378.73
2019-12-01,16862.093085283526,13963.895590241398,19711.887216179766,ESTACION FERNANDEZ ORO,19621.77
2020-01-01,16280.162339669187,13734.792633940884,19116.497434145364,ESTACION FERNANDEZ ORO,19469.05
2020-02-01,13139.254788080798,10250.41735136137,15894.950700436677,ESTACION FERNANDEZ ORO,16088.34
2020-03-01,14339.775023207487,11661.982073794386,17155.498657543023,ESTACION FERNANDEZ ORO,16987.07
2020-04-01,14973.505829532296,12225.825034434865,17871.39493353023,ESTACION FERNANDEZ ORO,16712.44
2020-05-01,15196.26895429837,12546.120281361895,18014.41964127427,ESTACION FERNANDEZ ORO,16064.16
2020-06-01,14930.045810002275,12121.1889781649,17771.531278918024,ESTACION FERNANDEZ ORO,15017.39
2020-07-01,15182.781965026661,12538.596990315305,17964.78170203165,ESTACION FERNANDEZ ORO,14378.25
2020-08-01,15466.16333602718,12717.905905620293,18298.463115958097,ESTACION FERNANDEZ ORO,14012.59
2020-09-01,14576.077897154895,11986.537224734659,17342.566867707174,ESTACION FERNANDEZ ORO,13335.59
2020-10-01,14660.584938667376,11751.164557094895,17346.634375726662,ESTACION FERNANDEZ ORO,13344.58
2020-11-01,13369.20612675313,10648.641322793152,16208.74810185397,ESTACION FERNANDEZ ORO,12076.23
2020-12-01,13833.708503547085,11164.996188234414,16555.02549456738,ESTACION FERNANDEZ ORO,11129.48
2021-01-01,13852.543080614521,11143.729881146675,16644.841289803015,ESTACION FERNANDEZ ORO,11383.57
2021-02-01,11561.757368997867,8793.378395044012,14312.84273737009,ESTACION FERNANDEZ ORO,9840.07
2021-03-01,12250.227613566625,9252.545332329817,14912.351204055503,ESTACION FERNANDEZ ORO,10595.88
2021-04-01,12403.125643423113,9590.257204993635,15303.143661349697,ESTACION FERNANDEZ ORO,10547.37
2021-05-01,12761.116819151224,9900.421705216359,15244.951813021597,ESTACION FERNANDEZ ORO,10882.53
2021-06-01,12451.706438894667,9753.933797356589,15206.63671253244,ESTACION FERNANDEZ ORO,10504.43
2021-07-01,12673.46628088452,9789.447527085096,15650.725754796056,ESTACION FERNANDEZ ORO,11246.54
2021-08-01,12768.119042265584,9987.121894142523,15555.605881571508,ESTACION FERNANDEZ ORO,10855.46
2021-09-01,12025.89925393764,9279.240388613483,14895.270841559852,ESTACION FERNANDEZ ORO,10235.52
2021-10-01,12081.042906753974,9299.073772712676,14793.78155383118,ESTACION FERNANDEZ ORO,10397.05
2021-11-01,10963.463474665623,7944.782309484737,13663.81928494592,ESTACION FERNANDEZ ORO,9581.51
2021-12-01,11446.008797723689,8570.998925086506,14092.692295012197,ESTACION FERNANDEZ ORO,9843.35
2022-01-01,11276.184921410111,8779.553991565876,14144.62348349857,ESTACION FERNANDEZ ORO,9367.14
2022-02-01,9262.869807784757,6332.1587206138165,11976.321736274102,ESTACION FERNANDEZ ORO,8471.66
2022-03-01,10085.767218385488,7432.913699454894,12903.919558500864,ESTACION FERNANDEZ ORO,9065.75
2022-04-01,9889.453285898717,6841.946714688848,12793.035480793553,ESTACION FERNANDEZ ORO,8609.88
2022-05-01,10305.721386504996,7449.757150842649,13157.546013911997,ESTACION FERNANDEZ ORO,9539.47
2022-06-01,9972.540607687923,7000.767594003036,12718.314436778463,ESTACION FERNANDEZ ORO,8885.77
2022-07-01,10143.608125247447,7255.84488660604,12907.243772123547,ESTACION FERNANDEZ ORO,8911.86
2022-08-01,10091.674292930364,7331.543867311746,13051.66046630972,ESTACION FERNANDEZ ORO,8466.039999999999
2022-09-01,9485.676894806944,6636.985421134664,12241.260109130844,ESTACION FERNANDEZ ORO,8241.18
2022-10-01,9502.14707446783,6919.979824379181,12308.571986570745,ESTACION FERNANDEZ ORO,8361.84
2022-11-01,8567.100303323317,5786.714195876916,11416.665695080883,ESTACION FERNANDEZ ORO,7854.2699999999995
2022-12-01,9004.565631498535,6220.850860467684,11720.399529253029,ESTACION FERNANDEZ ORO,8000.44
2023-01-01,8708.996609185351,5936.919185340493,11817.761299796208,ESTACION FERNANDEZ ORO,7639.03
2023-02-01,7028.3171542405935,4319.59883608669,9912.7897825053,ESTACION FERNANDEZ ORO,6412.38
2023-03-01,7846.321823022839,5129.772224077903,10709.553473910197,ESTACION FERNANDEZ ORO,7367.08
2023-04-01,7433.283832488634,4852.455945566687,10130.582440093012,ESTACION FERNANDEZ ORO,7310.2
2023-05-01,7829.203040071289,5211.277270661126,10667.619785092253,ESTACION FERNANDEZ ORO,7209.36
2023-06-01,7492.44376190453,4732.106217960876,10477.72511072673,ESTACION FERNANDEZ ORO,6929.19
2023-07-01,7593.921409203797,4725.046429239597,10480.911334673929,ESTACION FERNANDEZ ORO,6974.71
2023-08-01,7437.661224171869,4683.932406671266,10587.501590217447,ESTACION FERNANDEZ ORO,6916.0199999999995
2023-09-01,6955.004236588057,4212.517919875073,9660.630636313601,ESTACION FERNANDEZ ORO,6593.21
2023-10-01,6923.509431015191,4153.130538129063,9809.505061070227,ESTACION FERNANDEZ ORO,6853.92
2023-11-01,6178.846900469231,3348.7695970764894,9027.147891918952,ESTACION FERNANDEZ ORO,6312.14
2023-12-01,6509.9356289981815,3715.5801590801657,9267.954699710212,ESTACION FERNANDEZ ORO,6445.15
2024-01-01,6153.3522224603375,3378.7162313392005,8827.389789043827,ESTACION FERNANDEZ ORO,6265.15
2024-02-01,4856.8799783955965,1996.4683625145408,7639.716515677056,ESTACION FERNANDEZ ORO,5485.41
2024-03-01,5186.116172139732,2376.989242903548,7994.588589954537,ESTACION FERNANDEZ ORO,5834.42
2024-04-01,5284.072150120947,2439.9278327301067,8069.443983046401,ESTACION FERNANDEZ ORO,5592.21
2024-05-01,5230.259939656805,2375.5669890545732,7963.25409006297,ESTACION FERNANDEZ ORO,5671.23
2024-06-01,5000.45688643028,2103.6724929673933,7734.962360323261,ESTACION FERNANDEZ ORO,5719.65
2024-07-01,4945.295940070208,2175.2355115134133,7619.654540746734,ESTACION FERNANDEZ ORO,5732.85
2024-08-01,4886.229365797066,2057.798656879248,7808.620126037424,ESTACION FERNANDEZ ORO,5576.91
2024-09-01,4458.164668069779,1917.3816107607822,7300.838174783387,ESTACION FERNANDEZ ORO,5381.66
2024-10-01,4336.86245307535,1488.6319005950322,7035.657324934529,ESTACION FERNANDEZ ORO,5228.25
2024-11-01,3812.050576191399,929.5942505414323,6544.80064755946,ESTACION FERNANDEZ ORO,5176.41
2024-12-01,3797.1717149009246,1154.0358991586022,6613.017069362167,ESTACION FERNANDEZ ORO,5151.18
2025-01-01,3645.2079407263864,869.8758486251849,6591.099194065522,ESTACION FERNANDEZ ORO,5046.2300000000005
2025-02-01,2907.087704473154,294.14350815958426,5767.309798614691,ESTACION FERNANDEZ ORO,4453.086
2025-03-01,2946.7274995057624,266.4450297899406,5775.841226249438,ESTACION FERNANDEZ ORO,4906.694
2025-04-01,2829.228871041745,33.055461775462405,5677.187416248274,ESTACION FERNANDEZ ORO,4682.897
2025-05-01,2752.248516935786,-187.6090621798793,5513.758679894315,ESTACION FERNANDEZ ORO,4682.619
2025-06-01,2520.2361783502597,-534.8699296061806,5370.228296025253,ESTACION FERNANDEZ ORO,4480.574
2025-07-01,2396.811508477078,-211.49385985116197,5089.003554936058,ESTACION FERNANDEZ ORO,4604.751
2025-08-01,2233.4579460742198,-496.1642175698964,5242.564649476684,ESTACION FERNANDEZ ORO,4615.67
2025-09-01,1926.8236296566095,-1043.940512083953,4590.642061043672,ESTACION FERNANDEZ ORO,4576.96
2025-10-01,1757.6433944184291,-998.4995651038531,4579.537785291626,ESTACION FERNANDEZ ORO,4724.926
2025-11-01,1422.0507584877166,-1391.467977022241,4257.840858323939,ESTACION FERNANDEZ ORO,4309.386
2025-12-01,1303.3874290636945,-1562.7549475927037,4120.353665406147,ESTACION FERNANDEZ ORO,4573.574
2026-01-01,1092.5753328119426,-1873.5979089737239,3652.882462357569,ESTACION FERNANDEZ ORO,4530.238
2026-02-01,734.0678908225927,-2250.0427972016705,3589.935897148368,ESTACION FERNANDEZ ORO,4089.709
2026-03-01,632.4667388344125,-2102.076422436062,3543.072714383028,ESTACION FERNANDEZ ORO,
2026-04-01,432.0698930267724,-2262.6187425945404,3130.8958044880696,ESTACION FERNANDEZ ORO,
2026-05-01,252.8508641313061,-2693.4764049499277,3079.147261910585,ESTACION FERNANDEZ ORO,
2026-06-01,39.07588916711999,-2638.172115877494,2950.3326137074873,ESTACION FERNANDEZ ORO,
2026-07-01,-171.22749450872146,-3095.050404572998,2522.6394998313,ESTACION FERNANDEZ ORO,
2026-08-01,-396.65238592777655,-3183.1411768065964,2536.729435052208,ESTACION FERNANDEZ ORO,
2026-09-01,-595.139180853695,-3455.284147813716,2251.9772303756718,ESTACION FERNANDEZ ORO,
2026-10-01,-821.4562018367293,-3986.9414891627425,2228.2709037836617,ESTACION FERNANDEZ ORO,
2026-11-01,-960.2526671513803,-3709.6461112266447,1829.508550180791,ESTACION FERNANDEZ ORO,
2026-12-01,-1243.3010151190742,-4273.396981412328,1555.8041226703933,ESTACION FERNANDEZ ORO,
2027-01-01,-1447.756305054344,-4327.926733075685,1338.5490945869583,ESTACION FERNANDEZ ORO,
2027-02-01,-1376.343922606138,-4259.408596371124,1614.9888263610098,ESTACION FERNANDEZ ORO,
2012-08-01,-3967.2763968348836,-13065.792521214333,4550.066909983736,SIERRAS BLANCAS,0.0
2012-09-01,-2997.7611349374874,-11556.341464398507,5644.085250014684,SIERRAS BLANCAS,0.0
2012-10-01,-2739.83982694204,-12191.962516474718,6402.637477015653,SIERRAS BLANCAS,0.0
2012-11-01,-2898.4616447533044,-11266.166013311476,5284.560337597424,SIERRAS BLANCAS,0.0
2012-12-01,-2594.846118986852,-11098.200808193134,6297.648016509114,SIERRAS BLANCAS,0.0
2013-01-01,-2423.9074878517054,-11356.51854309374,6752.486099909228,SIERRAS BLANCAS,0.0
2013-02-01,-2219.9823819813205,-11192.747281217265,6651.081576668033,SIERRAS BLANCAS,0.0
2013-03-01,-1973.9062493483002,-10878.306864796094,6420.915894133681,SIERRAS BLANCAS,628.0
2013-04-01,-1720.241876350259,-10673.295304401543,7279.937570704332,SIERRAS BLANCAS,1007.0
2013-05-01,-1491.1400660380946,-10430.59478593198,7584.34850165342,SIERRAS BLANCAS,2065.0
2013-06-01,-1604.0672946039258,-10595.703125550526,7544.467013227653,SIERRAS BLANCAS,1522.0
2013-07-01,-1698.3206170482474,-10790.582903295897,7365.117922382882,SIERRAS BLANCAS,1196.0
2013-08-01,-1612.9329947041037,-10797.236005075129,6770.38704352808,SIERRAS BLANCAS,1068.0
2013-09-01,-1131.9876699179026,-9945.028120170095,7053.867754094133,SIERRAS BLANCAS,930.0
2013-10-01,-940.9957670529369,-9862.465000614755,8177.85642287051,SIERRAS BLANCAS,955.0
2013-11-01,-881.17186750568,-9557.345420678708,8057.250020533763,SIERRAS BLANCAS,680.0
2013-12-01,-676.5814857590667,-9201.106750872788,7941.075514539963,SIERRAS BLANCAS,922.0
2014-01-01,-515.008804013658,-9236.501564638365,8018.3920196068175,SIERRAS BLANCAS,816.0
2014-02-01,-345.04491515050535,-9548.101383324914,8068.6589367323895,SIERRAS BLANCAS,490.0
2014-03-01,-192.4351602049628,-9089.372436592528,8462.690677211729,SIERRAS BLANCAS,422.0
2014-04-01,-37.943812283029345,-8788.596210067997,8137.633983638579,SIERRAS BLANCAS,367.0
2014-05-01,94.80601070594956,-8927.562858933097,8854.77183201263,SIERRAS BLANCAS,386.0
2014-06-01,270.91196543852806,-8015.659118433514,9325.60378290174,SIERRAS BLANCAS,347.0
2014-07-01,496.3503251656968,-7897.330971571311,9237.527185041983,SIERRAS BLANCAS,356.0
2014-08-01,727.9125390450366,-8597.483464897412,9781.04697673401,SIERRAS BLANCAS,336.0
2014-09-01,746.3083379533492,-7441.938657635993,9929.572032628921,SIERRAS BLANCAS,894.0
2014-10-01,866.0728887861427,-7917.034859304517,9214.440028449195,SIERRAS BLANCAS,839.0
2014-11-01,1138.8438006538988,-7952.322970055037,10222.6868771104,SIERRAS BLANCAS,365.0
2014-12-01,1229.9164389361817,-7077.022401066037,10104.467718294653,SIERRAS BLANCAS,315.0
2015-01-01,1400.0484581868207,-7226.20024034562,10670.110252744282,SIERRAS BLANCAS,429.0
2015-02-01,1525.0433629976771,-7340.330775264516,10989.630510836398,SIERRAS BLANCAS,787.0
2015-03-01,1601.5118935561898,-6934.34860385965,9544.187254952738,SIERRAS BLANCAS,749.0
2015-04-01,1627.7231636468812,-6811.927834969036,10578.443802149468,SIERRAS BLANCAS,653.0
2015-05-01,1695.4629448300163,-7758.985217420222,10389.655184239671,SIERRAS BLANCAS,358.0
2015-06-01,2146.745125553606,-7383.163980665811,10677.47111677027,SIERRAS BLANCAS,1294.0
2015-07-01,2678.708065804665,-5891.502954853436,11360.945805829495,SIERRAS BLANCAS,6335.0
2015-08-01,3055.3838254993384,-6452.631755929368,11797.459975106096,SIERRAS BLANCAS,7541.0
2015-09-01,2637.9019900640096,-6278.24669946811,11473.999582334418,SIERRAS BLANCAS,7147.0
2015-10-01,2681.3944068606897,-5654.4214881501275,11376.798256107802,SIERRAS BLANCAS,5644.0
2015-11-01,3160.9648362656144,-6019.308423116616,12510.38008104607,SIERRAS BLANCAS,4912.0
2015-12-01,3124.677509025943,-5138.929537980662,11833.063220543509,SIERRAS BLANCAS,3655.61
2016-01-01,3321.3805070889675,-5418.848656291516,12226.086929392372,SIERRAS BLANCAS,3026.02
2016-02-01,3390.355708814742,-5966.90166075789,11947.07156945116,SIERRAS BLANCAS,1680.43
2016-03-01,3365.4226553988815,-5138.008828107802,11991.056880312115,SIERRAS BLANCAS,0.0
2016-04-01,3347.2750094684247,-5642.002427312988,11856.199518318965,SIERRAS BLANCAS,0.0
2016-05-01,3255.085423197007,-4663.080831857065,12213.113097231171,SIERRAS BLANCAS,0.0
2016-06-01,4024.3214669466784,-4439.926695741155,12685.117842405027,SIERRAS BLANCAS,375.04
2016-07-01,4908.97540647917,-4019.9557023632387,13441.976149193366,SIERRAS BLANCAS,1435.1100000000001
2016-08-01,5437.9655049386665,-3796.19820107601,14517.557552495591,SIERRAS BLANCAS,971.28
2016-09-01,4485.482098997477,-4090.0333378286387,14041.947961142,SIERRAS BLANCAS,623.15
2016-10-01,4469.086560696146,-4901.1327904479385,13243.554832422627,SIERRAS BLANCAS,13.82
2016-11-01,5178.77300837649,-3380.536562281402,14053.663392584172,SIERRAS BLANCAS,179.52
2016-12-01,5077.357566695785,-3307.240040101371,14399.464884960968,SIERRAS BLANCAS,4299.58
2017-01-01,5224.68053900668,-3481.205451036939,13826.661176775042,SIERRAS BLANCAS,9419.79
2017-02-01,5289.67983204221,-3767.112070412808,14055.48802562504,SIERRAS BLANCAS,5473.88
2017-03-01,5167.688852312208,-3599.376322862179,14100.919352356907,SIERRAS BLANCAS,6612.360000000001
2017-04-01,5022.445778269149,-3982.6098882407514,14588.798561073358,SIERRAS BLANCAS,5797.0
2017-05-01,4874.1438155105,-4000.3084380796,14397.30360641082,SIERRAS BLANCAS,5009.0
2017-06-01,5934.992657970648,-3028.319242538945,14265.390324568738,SIERRAS BLANCAS,3367.0
2017-07-01,7145.626074445044,-1610.4465830909576,15893.652221844137,SIERRAS BLANCAS,4349.0
2017-08-01,7837.55199023194,-1165.3716981187522,17553.96227690824,SIERRAS BLANCAS,3882.0
2017-09-01,6462.416874920467,-1519.3251207562291,15531.775483941128,SIERRAS BLANCAS,3095.0
2017-10-01,6393.918175375021,-2516.7763086667765,15159.147466033128,SIERRAS BLANCAS,9804.0
2017-11-01,7354.906087523842,-1688.524896757406,15624.246818032398,SIERRAS BLANCAS,11774.0
2017-12-01,7142.820688324935,-583.0832642258237,16202.50925064392,SIERRAS BLANCAS,10259.0
2018-01-01,7343.615447872454,-1242.4567741940361,16437.40603458235,SIERRAS BLANCAS,7632.6
2018-02-01,7418.397391873393,-1411.4477851787874,17000.951849632533,SIERRAS BLANCAS,6795.0
2018-03-01,7286.414078387483,-1123.0979276097955,16146.035557752597,SIERRAS BLANCAS,6110.68900000001
2018-04-01,7026.0288163288515,-1499.9048186779132,15758.698521462473,SIERRAS BLANCAS,4623.446000000006
2018-05-01,6876.410292964959,-1567.3148186535816,15644.79516019562,SIERRAS BLANCAS,3904.049166666656
2018-06-01,8328.212079593788,-375.10090190562863,17120.587211051483,SIERRAS BLANCAS,4755.034333333333
2018-07-01,10064.37869994943,1327.8246076567532,18836.32956128361,SIERRAS BLANCAS,1922.0
2018-08-01,11110.434476385213,2444.7576589325695,19335.796358902746,SIERRAS BLANCAS,5479.614000000002
2018-09-01,9252.56384927863,757.1635613015463,17769.07998388472,SIERRAS BLANCAS,6832.0
2018-10-01,9174.094292358719,330.1329606347905,17879.24229217995,SIERRAS BLANCAS,3896.0
2018-11-01,10648.876592445533,1582.9655520441925,19135.683519323702,SIERRAS BLANCAS,5479.437000000001
2018-12-01,10404.593021428285,1461.360661239264,19540.1785514301,SIERRAS BLANCAS,5205.084083333336
2019-01-01,10849.604359886993,2392.4050793763313,20083.575924471807,SIERRAS BLANCAS,6046.745000000001
2019-02-01,10960.77523006086,2539.2939688516103,20279.77504983022,SIERRAS BLANCAS,4448.474547372292
2019-04-01,10396.37228477934,2245.640866125359,19484.575065604826,SIERRAS BLANCAS,3135.0299999999997
2019-05-01,10362.29658960163,1788.323174631012,18946.160526747146,SIERRAS BLANCAS,4064.1800000000003
2019-06-01,12598.944879483517,4122.259645228301,21371.625420120236,SIERRAS BLANCAS,4944.62
2019-07-01,15177.033349310579,6260.13615291853,23884.622154670495,SIERRAS BLANCAS,12978.81
2019-08-01,16751.79962492196,7928.7282714675175,25254.68735173239,SIERRAS BLANCAS,20734.37
2019-09-01,14038.64245247049,4937.705384269842,22545.17210782056,SIERRAS BLANCAS,19132.67
2019-10-01,13925.792550329375,4564.3032971132925,22575.549219565513,SIERRAS BLANCAS,18312.61
2019-11-01,16041.842409055562,7634.37049736381,24311.7106325144,SIERRAS BLANCAS,15776.539999999999
2019-12-01,15535.72426209186,6892.829786091992,24122.05134745724,SIERRAS BLANCAS,20648.42
2020-01-01,16194.232059422835,6934.74823687116,25303.28993982216,SIERRAS BLANCAS,24975.46
2020-02-01,16234.925676716446,7706.973434302737,24390.891003805747,SIERRAS BLANCAS,26404.28
2020-03-01,15864.835874626899,6598.103558525973,24858.317885001183,SIERRAS BLANCAS,25900.54
2020-04-01,15534.873896975123,6426.666771400585,24317.546985224635,SIERRAS BLANCAS,23405.11
2020-05-01,14895.643354627475,6068.0412071797355,23664.64670993486,SIERRAS BLANCAS,23551.67
2020-06-01,18166.736998545824,9383.260654869271,26654.96876226692,SIERRAS BLANCAS,19783.48
2020-07-01,21890.820050813265,13471.623984439997,30132.612655917765,SIERRAS BLANCAS,19145.65
2020-08-01,23963.605295635803,15737.94416442043,32510.245344970586,SIERRAS BLANCAS,17395.08
2020-09-01,19546.946070339596,10841.032562683684,28598.060919859803,SIERRAS BLANCAS,15996.65
2020-10-01,19278.262928290285,9680.121692895833,28165.369970800937,SIERRAS BLANCAS,16020.2
2020-11-01,22118.847174311875,13452.314139839134,31097.72390303665,SIERRAS BLANCAS,22817.62
2020-12-01,21480.305530424044,13205.029527293056,29915.114337721192,SIERRAS BLANCAS,28774.96
2021-01-01,21898.701211437507,12815.079337556372,30465.90176163321,SIERRAS BLANCAS,30229.04
2021-02-01,21976.37758649544,12942.566354146877,30804.375968533328,SIERRAS BLANCAS,27143.21
2021-03-01,21307.41235060365,12051.369233015928,30347.024899885095,SIERRAS BLANCAS,23133.36
2021-04-01,20543.65438756184,11910.25213943937,30112.78414393549,SIERRAS BLANCAS,23161.19
2021-05-01,19758.238810890907,10593.304907541544,28565.185850530477,SIERRAS BLANCAS,22052.27
2021-06-01,23846.375664696676,15011.65224569855,32469.734020760272,SIERRAS BLANCAS,19340.2
2021-07-01,28477.014021330204,19963.636746566775,37551.41239786206,SIERRAS BLANCAS,17878.38
2021-08-01,30983.963951667574,21879.641365427935,39576.90483195633,SIERRAS BLANCAS,17275.24
2021-09-01,25290.947982469712,15956.160402931635,33389.33580409372,SIERRAS BLANCAS,14533.06
2021-10-01,24790.725264538265,15833.721628915124,33376.53574940371,SIERRAS BLANCAS,14420.77
2021-11-01,28255.6812968846,19186.288353097065,36508.99028622578,SIERRAS BLANCAS,11723.94
2021-12-01,27208.509590639133,18753.11990808291,35569.35727494561,SIERRAS BLANCAS,9249.38
2022-01-01,27739.17697936322,19203.643118232994,36180.64666506859,SIERRAS BLANCAS,11690.33
2022-02-01,27633.05141205541,18110.900110561077,36041.16343864598,SIERRAS BLANCAS,9982.45
2022-03-01,26816.55901099223,17256.73365133082,35280.97645867989,SIERRAS BLANCAS,10699.09
2022-04-01,25530.85043371127,17024.01068765769,35028.72806820559,SIERRAS BLANCAS,12619.35
2022-05-01,24694.535326192177,15077.263152977855,33437.868514253474,SIERRAS BLANCAS,24171.13
2022-06-01,29562.042982227962,21757.181090277576,38099.54751243406,SIERRAS BLANCAS,26654.28
2022-07-01,35069.03532221748,26431.526714441603,43851.75199203532,SIERRAS BLANCAS,33735.55
2022-08-01,38015.499302467106,28445.165534358774,46248.65080237479,SIERRAS BLANCAS,42454.07
2022-09-01,31114.803586835646,21664.275216903538,39904.408121953,SIERRAS BLANCAS,40856.47
2022-10-01,30361.546062884056,20953.510308616318,38571.498597244674,SIERRAS BLANCAS,33245.08
2022-11-01,34431.0082140143,25900.754168032094,43341.99777332643,SIERRAS BLANCAS,45754.93
2022-12-01,32929.17093742691,24718.066550850966,41657.80635884629,SIERRAS BLANCAS,37931.77
2023-01-01,33623.57243153439,25334.984442397657,42772.91276920901,SIERRAS BLANCAS,46923.57
2023-02-01,33295.88423390798,24479.77240923758,42357.547052127695,SIERRAS BLANCAS,54167.04
2023-03-01,32379.305161603148,23648.97459223998,41048.603972932266,SIERRAS BLANCAS,55009.38
2023-04-01,30480.505100111463,21640.454443057944,38922.0659613525,SIERRAS BLANCAS,44482.28
2023-05-01,29686.95050505,20972.089547240164,38388.60692021038,SIERRAS BLANCAS,46792.25
2023-06-01,35284.79135749954,26384.927384168095,44363.27504986255,SIERRAS BLANCAS,46657.05
2023-07-01,41625.27401691355,32809.77179661021,51168.098341755736,SIERRAS BLANCAS,46047.590000000004
2023-08-01,45007.09539125557,36305.03186642964,53184.9630968326,SIERRAS BLANCAS,44330.72
2023-09-01,36983.185613843874,28342.136040331712,46156.695501326336,SIERRAS BLANCAS,39886.24
2023-10-01,35957.647029390086,26900.73000327577,44497.585051756614,SIERRAS BLANCAS,34407.340000000004
2023-11-01,40609.59126221893,32172.367991646766,49271.1538455345,SIERRAS BLANCAS,32962.55
2023-12-01,38614.2588631174,29360.440244634716,46642.57539563388,SIERRAS BLANCAS,29705.75
2024-01-01,39527.681635725545,30933.636179528996,48503.12529811673,SIERRAS BLANCAS,33649.47
2024-02-01,38944.54668927798,29793.784803002945,48120.40562659854,SIERRAS BLANCAS,30163.489999999998
2024-03-01,37467.465181154126,28301.290289423116,45871.985919842315,SIERRAS BLANCAS,26167.38
2024-04-01,36104.59134689133,27306.29464871269,45151.7438192678,SIERRAS BLANCAS,32754.97
2024-05-01,34106.29227452225,25575.68105327578,42445.76924260094,SIERRAS BLANCAS,19052.99
2024-06-01,40983.520988891374,31748.83007135837,49045.93505143937,SIERRAS BLANCAS,40299.7
2024-07-01,48701.15699001877,39237.47807378431,56859.63582038341,SIERRAS BLANCAS,57682.91
2024-08-01,52577.43496370327,44403.240078035626,61948.00832491465,SIERRAS BLANCAS,63662.64
2024-10-01,41216.766873399625,32789.64663828187,50057.66989386807,SIERRAS BLANCAS,48964.38
2024-11-01,46703.56497105876,38554.122621190814,55868.3517514221,SIERRAS BLANCAS,56897.21
2024-12-01,44829.10108636745,36041.09639402676,53066.14216742023,SIERRAS BLANCAS,56608.82
2025-01-01,45172.40730331296,36807.27986809171,53357.0289443189,SIERRAS BLANCAS,51475.11
2025-02-01,44824.189969694264,35571.90501828978,53074.73062595189,SIERRAS BLANCAS,44137.05
2025-03-01,43032.684451431865,34207.214354871954,51155.96774560899,SIERRAS BLANCAS,48670.54
2025-04-01,41052.581900957906,32396.581413335432,49872.262800969555,SIERRAS BLANCAS,42293.51
2025-05-01,39092.30489399467,30672.786240814658,48180.25734939058,SIERRAS BLANCAS,43448.71
2025-06-01,46712.84183535103,38125.25897046798,54900.09756670293,SIERRAS BLANCAS,38106.82
2025-07-01,55264.10514803273,46381.47784758629,63992.29969701557,SIERRAS BLANCAS,34720.25
2025-08-01,59567.246471900566,50444.04735699178,68512.23419874725,SIERRAS BLANCAS,30090.34
2025-09-01,48174.42929291029,39036.396125751475,56816.30067839988,SIERRAS BLANCAS,33402.66
2025-10-01,46812.49033107103,37926.52419737627,54946.85552577053,SIERRAS BLANCAS,45461.27
2025-11-01,52891.09521440691,44099.500351671595,60710.10463100384,SIERRAS BLANCAS,49475.71
2025-12-01,50513.728198714656,42177.302908137324,58440.81250888383,SIERRAS BLANCAS,47967.62
2026-01-01,51074.82354357287,42185.44153227852,59758.43610214914,SIERRAS BLANCAS,48984.0
2026-02-01,50471.749767874775,42025.63957878467,59067.48342769952,SIERRAS BLANCAS,42884.95
2026-03-01,48634.82982677271,39869.345583136674,56365.35960845693,SIERRAS BLANCAS,44932.78
2026-04-01,45950.53871134352,36977.788104028405,54990.44406454159,SIERRAS BLANCAS,
2026-05-01,44126.2073549925,35205.5997193274,52707.80552513366,SIERRAS BLANCAS,
2026-06-01,52441.8578079219,43405.96241287179,61368.00740705028,SIERRAS BLANCAS,
2026-07-01,61786.43426369956,53244.84624834946,69883.2218447913,SIERRAS BLANCAS,
2026-08-01,66516.9342035687,57817.15203235648,75412.47965057218,SIERRAS BLANCAS,
2026-09-01,54077.27769138307,44725.65853658937,62243.67215000306,SIERRAS BLANCAS,
2026-10-01,52433.64516467346,43644.987758674295,61333.803388141045,SIERRAS BLANCAS,
2026-11-01,59081.2708533849,50216.08778082029,67151.48094733749,SIERRAS BLANCAS,
2026-12-01,56162.667654076446,46722.93167200796,64951.57095268545,SIERRAS BLANCAS,
2027-01-01,56997.09040923701,49042.342633059554,66281.8953133105,SIERRAS BLANCAS,
2027-02-01,56105.17211475445,47151.86532576483,64464.830033597136,SIERRAS BLANCAS,
2027-03-01,54273.24831536281,45364.29599443937,62961.04248933424,SIERRAS BLANCAS,
