date,deposit,prod_pet,prod_forecast,water_cut,below_threshold,underperforming
2014-03-01,LOMA CAMPANA,17694.94,28063.696693798047,0.30863422856289985,True,False
2014-04-01,LOMA CAMPANA,18542.13,26497.6577738668,0.29465850786057296,True,False
2014-05-01,LOMA CAMPANA,19361.64,27375.129149483113,0.5015142539142363,True,True
2014-06-01,LOMA CAMPANA,20919.75,27184.97563551617,0.26113111159066743,True,False
2014-07-01,LOMA CAMPANA,19388.3,28946.29172883849,0.2947075144062892,True,False
2014-08-01,LOMA CAMPANA,17638.07,29592.548372838362,0.3558895266182947,True,True
2014-09-01,LOMA CAMPANA,17283.25,30641.639054397398,0.31260519776384155,True,True
2015-01-01,LOMA CAMPANA,16457.36,33367.430056186204,0.22748056773796216,True,False
2015-02-01,LOMA CAMPANA,20597.46,31246.5633078474,0.23778040928098287,True,False
2015-03-01,LOMA CAMPANA,23588.34,35563.87369499943,0.1474809886446885,True,False
2015-04-01,LOMA CAMPANA,25196.66,33414.77826826997,0.15073946018967985,True,False
2015-05-01,LOMA CAMPANA,28012.47,34361.20046979938,0.11044470032473366,False,False
2015-06-01,LOMA CAMPANA,26535.469999999998,33972.60584643713,0.16310109156051208,True,False
2015-07-01,LOMA CAMPANA,29253.22,36029.82273089368,0.3333360680637949,False,False
2015-08-01,LOMA CAMPANA,37263.15,36688.785045500066,0.3212859942101082,False,False
2015-09-01,LOMA CAMPANA,45420.32,37853.26213547217,0.2899740096676658,False,False
2015-10-01,LOMA CAMPANA,44829.04,40389.07908526881,0.15265118308154269,False,False
2015-11-01,LOMA CAMPANA,36625.51,37269.38309729445,0.2303464748047839,False,False
2015-12-01,LOMA CAMPANA,40809.3,39075.27032124823,0.17249874787849045,False,False
2016-01-01,LOMA CAMPANA,38517.67,40616.961000899115,0.1305248701408197,False,False
2016-02-01,LOMA CAMPANA,35645.57,37920.99702165976,0.3527870564565109,False,False
2016-03-01,LOMA CAMPANA,54076.69,43018.0875162619,0.2841315287613261,False,False
2016-04-01,LOMA CAMPANA,60538.46,40327.50335167853,0.18949269842068892,False,False
2016-05-01,LOMA CAMPANA,62126.85,41385.68571166657,0.1808783069941087,False,False
2016-06-01,LOMA CAMPANA,63278.2,40812.14929838865,0.24657660651451163,False,False
2016-07-01,LOMA CAMPANA,69523.63,43158.230901821895,0.18800726457294353,False,False
2016-08-01,LOMA CAMPANA,74564.54,43822.01866836955,0.11590947113239576,False,False
2016-09-01,LOMA CAMPANA,69002.1,45055.6184123625,0.10372403021994721,False,False
2016-10-01,LOMA CAMPANA,63126.45,48000.86080348683,0.0921727312928961,False,False
2016-11-01,LOMA CAMPANA,55409.75,44160.23263841126,0.2236793031492058,False,False
2016-12-01,LOMA CAMPANA,68239.29,46121.61413480381,0.24135349103872838,False,False
2017-01-01,LOMA CAMPANA,66411.83,47989.65439845382,0.2459781690524633,False,False
2017-02-01,LOMA CAMPANA,56097.25,44679.41935874393,0.11876019032571182,False,False
2017-03-01,LOMA CAMPANA,65274.86,50520.432882539055,0.1243714475931666,False,False
2017-04-01,LOMA CAMPANA,66232.2,47244.01616582392,0.18993126447125724,False,False
2017-05-01,LOMA CAMPANA,71323.78,48372.17499232053,0.11641024885013677,False,False
2017-06-01,LOMA CAMPANA,63770.79,47598.3137564946,0.13595791840655108,False,False
2017-07-01,LOMA CAMPANA,62240.92,50241.48124583765,0.09800448034725154,False,False
2017-08-01,LOMA CAMPANA,56256.58,50917.06197144304,0.08909134333191653,False,False
2017-09-01,LOMA CAMPANA,55656.08,52266.30679829692,0.0794509926122641,False,False
2017-10-01,LOMA CAMPANA,53207.09,55567.54657086036,0.0794527141367014,False,False
2017-11-01,LOMA CAMPANA,47536.87,51035.29801116027,0.0761754565983761,False,False
2017-12-01,LOMA CAMPANA,47988.06,53240.509452883045,0.0572736761271182,False,False
2018-01-01,LOMA CAMPANA,47192.84,55240.877011015546,0.061901250126722186,False,False
2018-02-01,LOMA CAMPANA,41172.08,51348.9068625608,0.049187346817086225,False,False
2018-03-01,LOMA CAMPANA,43411.14,58027.54268070411,0.06267193882761714,True,False
2018-04-01,LOMA CAMPANA,41479.89,54162.611312713365,0.07281381412728816,True,False
2018-05-01,LOMA CAMPANA,40004.5,55356.267809735655,0.07721758883780325,True,True
2018-06-01,LOMA CAMPANA,38112.03,54381.83440854151,0.09195735309779487,True,True
2018-07-01,LOMA CAMPANA,43458.42,57322.2423742414,0.1561599649558706,True,True
2018-08-01,LOMA CAMPANA,58827.83,58010.83996161014,0.10935611778189246,False,False
2018-09-01,LOMA CAMPANA,56259.3,59479.70140468709,0.09676183644442761,False,False
2018-10-01,LOMA CAMPANA,63443.75,63130.69808702966,0.15613684618935975,False,False
2018-11-01,LOMA CAMPANA,63844.36,57912.12777012865,0.14532407461946492,False,False
2018-12-01,LOMA CAMPANA,68695.62,60366.63349769809,0.15026057863151318,False,False
2019-01-01,LOMA CAMPANA,64659.97,62482.40080767301,0.11067934859226364,False,False
2019-02-01,LOMA CAMPANA,54815.92,58015.283653534054,0.11718850153094322,False,False
2019-03-01,LOMA CAMPANA,56557.05,65538.98502447354,0.10655728899924458,False,False
2019-04-01,LOMA CAMPANA,49646.2,61083.61480881863,0.09294540702919717,False,False
2019-05-01,LOMA CAMPANA,49657.55,62337.953392802,0.05626396265159959,True,False
2019-06-01,LOMA CAMPANA,47911.61,61163.15043581978,0.126820861773881,True,False
2019-07-01,LOMA CAMPANA,56827.5,64400.55634517896,0.21768363320234496,False,False
2019-08-01,LOMA CAMPANA,70797.59,65103.572488853715,0.1674795384669296,False,False
2019-09-01,LOMA CAMPANA,76838.74,66695.85808415443,0.09657622169376628,False,False
2019-10-01,LOMA CAMPANA,76897.28,70689.6963624742,0.08887071305320034,False,False
2019-11-01,LOMA CAMPANA,73708.81,64791.36469082643,0.07076999376973432,False,False
2019-12-01,LOMA CAMPANA,70809.92,67499.73739426426,0.07177880598975352,False,False
2020-01-01,LOMA CAMPANA,65170.1,69713.71156870623,0.07823857134976954,False,False
2020-02-01,LOMA CAMPANA,58982.61,64679.628908900675,0.062359699974739835,False,False
2020-03-01,LOMA CAMPANA,60744.75,72954.05757395994,0.05297618017551154,False,False
2020-04-01,LOMA CAMPANA,37820.159999999996,67982.68818699507,0.061764277582636716,True,False
2020-05-01,LOMA CAMPANA,32151.77,69372.36453313011,0.05995106167054019,True,False
2020-06-01,LOMA CAMPANA,49711.87,68020.49610225426,0.05145442000651802,True,False
2020-07-01,LOMA CAMPANA,57984.0,71542.01012991546,0.02828422887405552,False,False
2020-08-01,LOMA CAMPANA,60654.1,72245.6261097112,0.03468578002859301,False,False
2020-09-01,LOMA CAMPANA,58566.85,73882.54105785541,0.037738232977467374,True,False
2020-10-01,LOMA CAMPANA,57700.16,78313.92670413559,0.03552742713363056,True,False
2020-11-01,LOMA CAMPANA,48738.11,71679.15705932927,0.06146036191599686,True,True
2020-12-01,LOMA CAMPANA,52341.79,74499.67149938058,0.1471729685561337,True,True
2021-01-01,LOMA CAMPANA,67801.44,77136.56959880824,0.13074497419726389,False,False
2021-02-01,LOMA CAMPANA,74847.91,71470.57450703041,0.10729376270144148,False,False
2021-03-01,LOMA CAMPANA,101145.54,80469.86373960924,0.11076841436731043,False,False
2021-04-01,LOMA CAMPANA,87511.19,74903.21310591359,0.09354299816805159,False,False
2021-05-01,LOMA CAMPANA,84125.61,76355.45204110011,0.07610551067629905,False,False
2021-06-01,LOMA CAMPANA,75415.46,74800.01700907909,0.07517801013220525,False,False
2021-07-01,LOMA CAMPANA,69400.05,78620.68975748186,0.07410972512285381,False,False
2021-08-01,LOMA CAMPANA,66846.29,79337.25156474511,0.08603893129666623,False,False
2021-09-01,LOMA CAMPANA,61776.22,81098.13356854006,0.08979008491195707,True,False
2021-10-01,LOMA CAMPANA,61105.14,85877.12486377674,0.07476174469206238,True,False
2021-11-01,LOMA CAMPANA,53348.89,78554.24559057756,0.08658342046783997,True,False
2021-12-01,LOMA CAMPANA,53970.44,81634.15900408094,0.10781379794304567,True,True
2022-01-01,LOMA CAMPANA,67607.56999999999,84371.69831224588,0.09955933958740996,False,False
2022-02-01,LOMA CAMPANA,52481.84,78127.69339488762,0.10420979326542316,True,False
2022-03-01,LOMA CAMPANA,62070.21,87989.81851401615,0.11801080635592767,True,False
2022-04-01,LOMA CAMPANA,63099.69,81826.16427215551,0.14972614579344146,True,True
2022-05-01,LOMA CAMPANA,67097.87,83336.03795145889,0.15269982901924734,False,False
2022-06-01,LOMA CAMPANA,77235.05,81577.4112995266,0.18283805497490851,False,False
2022-07-01,LOMA CAMPANA,90370.85,85696.90430972214,0.1775789396665135,False,False
2022-08-01,LOMA CAMPANA,101835.22,86427.89136788373,0.18734065654848717,False,False
2022-09-01,LOMA CAMPANA,131902.2,88316.55644931416,0.17846275443328422,False,False
2022-10-01,LOMA CAMPANA,158952.81,93435.9288438171,0.12834179321298722,False,False
2022-11-01,LOMA CAMPANA,150306.67,85431.93156261253,0.11237747381319713,False,False
2022-12-01,LOMA CAMPANA,148432.11000000002,88775.6108617287,0.0987711634429913,False,False
2023-01-01,LOMA CAMPANA,127219.95999999999,91596.35607413792,0.09578048767312873,False,False
2023-02-01,LOMA CAMPANA,114888.54,84783.11786512387,0.08893673307227856,False,False
2023-03-01,LOMA CAMPANA,125886.68,95513.15213753298,0.1570189249521479,False,False
2023-04-01,LOMA CAMPANA,123675.11,88751.62889628556,0.1436721286730582,False,False
2023-05-01,LOMA CAMPANA,122059.34,90313.92277394189,0.14337986823727172,False,False
2023-06-01,LOMA CAMPANA,114929.88,88352.98177316484,0.13498878073331322,False,False
2023-07-01,LOMA CAMPANA,119497.31,92770.59448546816,0.11966607851178818,False,False
2023-08-01,LOMA CAMPANA,112898.73,93517.71381762257,0.10645798334558242,False,False
2023-09-01,LOMA CAMPANA,107151.91,95537.84938937928,0.08947926705194786,False,False
2023-10-01,LOMA CAMPANA,108836.38,100989.7304809311,0.06717257924132826,False,False
2023-11-01,LOMA CAMPANA,98264.62,92312.865455542,0.05982714300489649,False,False
2023-12-01,LOMA CAMPANA,92311.62,95923.75669889161,0.06855312544334015,False,False
2024-01-01,LOMA CAMPANA,90011.9,98810.05542559852,0.06252935717804485,False,False
2024-02-01,LOMA CAMPANA,82230.6,91437.93425778029,0.08299263165477863,False,False
2024-03-01,LOMA CAMPANA,87744.88,102889.71202203585,0.10715797856097621,False,False
2024-04-01,LOMA CAMPANA,87805.04,95637.63054073263,0.1355712679594943,False,False
2024-05-01,LOMA CAMPANA,102799.26,97358.84604246863,0.13083790703585016,False,False
2024-06-01,LOMA CAMPANA,97979.56,95228.69937850909,0.10662706436134445,False,False
2024-07-01,LOMA CAMPANA,97910.2,99925.68838891252,0.08110087100497665,False,False
2024-08-01,LOMA CAMPANA,93394.68000000001,100669.18289552875,0.062104378062958474,False,False
2024-09-01,LOMA CAMPANA,85906.95,102709.4635004155,0.06316852212995343,False,False
2024-10-01,LOMA CAMPANA,81530.14,108626.99239100791,0.0687098586709954,True,False
2024-11-01,LOMA CAMPANA,60185.02,99198.08128882386,0.11091010511599159,True,False
2024-12-01,LOMA CAMPANA,64988.32,102877.72866920021,0.21934629763699304,True,True
2025-01-01,LOMA CAMPANA,95815.43000000001,106283.48460193544,0.18406907011882145,False,False
2025-02-01,LOMA CAMPANA,110094.3,98261.729475916,0.15154616945263186,False,False
2025-03-01,LOMA CAMPANA,122422.6,110419.29439803342,0.09124555950530128,False,False
2025-04-01,LOMA CAMPANA,106820.13,102562.40986794762,0.06570830017718458,False,False
2025-05-01,LOMA CAMPANA,102898.09,104338.72891502386,0.04877314417649773,False,False
2025-06-01,LOMA CAMPANA,97112.12,102001.72009700329,0.04723963553566509,False,False
2025-07-01,LOMA CAMPANA,97131.94,106999.89810021935,0.04167368402462572,False,False
2025-08-01,LOMA CAMPANA,86621.25,107757.4409849654,0.07926439154784987,False,False
2025-09-01,LOMA CAMPANA,89974.20999999999,109929.96015920457,0.19043589347689402,False,False
2025-10-01,LOMA CAMPANA,99559.13,116186.70296385133,0.20179498282553415,False,False
2025-11-01,LOMA CAMPANA,112275.19,106073.19298855876,0.313872356090814,False,False
2025-12-01,LOMA CAMPANA,123034.88,110027.80836173866,0.2196926714397789,False,False
2026-01-01,LOMA CAMPANA,121930.23,113502.51941117624,0.20412219928956632,False,False
2026-02-01,LOMA CAMPANA,107231.33,104906.47973781456,0.14578408289591455,False,False
2026-03-01,LOMA CAMPANA,112710.39,117952.09413194499,0.09839715871698783,False,False
2018-03-01,CRUZ DE LORENA,11404.397,8875.847326625448,0.08773340920891624,False,False
2018-04-01,CRUZ DE LORENA,9859.508999999991,10797.4204233573,0.05826803045670835,False,False
2018-05-01,CRUZ DE LORENA,11960.814416666657,11543.415141578875,0.048151046233398845,False,False
2018-06-01,CRUZ DE LORENA,10035.905500000003,12521.513303764845,0.03955692303334245,False,False
2018-09-01,CRUZ DE LORENA,11197.0,13835.907806521202,0.016426563598032327,False,False
2018-10-01,CRUZ DE LORENA,12846.0,14941.29548410297,0.018190155915622133,False,False
2018-11-01,CRUZ DE LORENA,10959.064999999999,15692.516978886322,0.013100053266525795,True,False
2018-12-01,CRUZ DE LORENA,11140.01887499999,17444.508185277034,0.013556928045707845,True,False
2019-01-01,CRUZ DE LORENA,10750.152179959716,16683.547933658418,0.012290606069042578,True,False
2020-03-01,CRUZ DE LORENA,13289.83,32981.26067906227,0.24493763695978116,True,True
2020-04-01,CRUZ DE LORENA,14978.77,32082.129855791973,0.1436660961116504,True,True
2020-05-01,CRUZ DE LORENA,16542.65,29877.94148331935,0.08318309514137169,True,False
2020-06-01,CRUZ DE LORENA,20227.3,34680.755172610494,0.08748871614674852,True,False
2020-07-01,CRUZ DE LORENA,23164.85,36755.55918745891,0.0964279320060054,True,True
2020-08-01,CRUZ DE LORENA,22534.75,32957.28931214884,0.10444792486737456,True,True
2020-09-01,CRUZ DE LORENA,23190.46,36134.18267173775,0.11439336193899327,True,True
2020-10-01,CRUZ DE LORENA,24694.44,37825.949343323664,0.22130190426668123,True,True
2020-11-01,CRUZ DE LORENA,24235.93,33187.35729997506,0.08038985268968532,True,False
2020-12-01,CRUZ DE LORENA,25226.42,32422.934378969592,0.0957099093143985,True,False
2021-01-01,CRUZ DE LORENA,26030.06,41117.06182095957,0.060788459595595125,True,False
2021-02-01,CRUZ DE LORENA,23461.260000000002,34987.454701075694,0.044876583593847635,True,False
2021-03-01,CRUZ DE LORENA,15916.65,41459.927693973004,0.10497803304518283,True,True
2021-04-01,CRUZ DE LORENA,25969.4,43281.36795781609,0.07005441578587768,True,True
2021-05-01,CRUZ DE LORENA,25915.57,41861.84992604305,0.056119156189449446,True,False
2021-06-01,CRUZ DE LORENA,45903.48,45474.99912045786,0.08188210699882813,False,False
2021-07-01,CRUZ DE LORENA,57847.82,48293.0044263318,0.18438201179440744,False,False
2021-08-01,CRUZ DE LORENA,37110.76,43014.97427951522,0.1615702962933174,False,False
2021-09-01,CRUZ DE LORENA,53624.729999999996,45123.24301779553,0.12171969868569298,False,False
2021-10-01,CRUZ DE LORENA,70786.65,46895.72523459354,0.08176969086901986,False,False
2021-11-01,CRUZ DE LORENA,64911.43,44065.07384821099,0.11464766863264839,False,False
2021-12-01,CRUZ DE LORENA,75751.24,45265.81228208719,0.12790334356960414,False,False
2022-01-01,CRUZ DE LORENA,87394.34,48858.34793019493,0.10308710932629167,False,False
2022-02-01,CRUZ DE LORENA,69046.66,45829.51251255668,0.10506164291411728,False,False
2022-03-01,CRUZ DE LORENA,81009.5,48465.98477069255,0.10433425952000379,False,False
2022-04-01,CRUZ DE LORENA,73943.59,54792.80306992973,0.08266016628427421,False,False
2022-05-01,CRUZ DE LORENA,71359.04,54945.19358502679,0.058403767068970484,False,False
2022-06-01,CRUZ DE LORENA,81376.63,56119.51683975637,0.049860900086833096,False,False
2022-07-01,CRUZ DE LORENA,66267.16,59875.16376921315,0.047418100607999565,False,False
2022-08-01,CRUZ DE LORENA,47748.67,53078.04829418705,0.08238861569038103,False,False
2022-09-01,CRUZ DE LORENA,55258.39,53338.79955655141,0.07233216378195981,False,False
2022-10-01,CRUZ DE LORENA,69649.24,55234.07657300457,0.05533799534431848,False,False
2022-11-01,CRUZ DE LORENA,68562.32,55284.35905571625,0.10357936388190345,False,False
2022-12-01,CRUZ DE LORENA,74252.87,58820.134026830594,0.06833408135582077,False,False
2023-01-01,CRUZ DE LORENA,72073.62,53899.6865614262,0.05528686404809761,False,False
2023-02-01,CRUZ DE LORENA,58130.06,55637.96248084208,0.07474531647004164,False,False
2023-03-01,CRUZ DE LORENA,65747.83,52067.24112325745,0.04518715602911963,False,False
2023-04-01,CRUZ DE LORENA,71181.88,63818.2714742336,0.03695164144808449,False,False
2023-05-01,CRUZ DE LORENA,67672.18,65729.40883920444,0.05283769335407964,False,False
2023-06-01,CRUZ DE LORENA,54599.619999999995,62897.89967237522,0.07058465058165464,False,False
2023-07-01,CRUZ DE LORENA,61415.98,67097.36089772338,0.10376555470576501,False,False
2023-08-01,CRUZ DE LORENA,64665.13,58868.32220732087,0.07920540562938778,False,False
2023-09-01,CRUZ DE LORENA,62180.93,56324.15698603905,0.08561718519886646,False,False
2023-10-01,CRUZ DE LORENA,55777.57,57938.74253035053,0.12892380078128537,False,False
2023-11-01,CRUZ DE LORENA,66411.31,62444.77723550504,0.10027928590056664,False,False
2023-12-01,CRUZ DE LORENA,72711.81,68954.63417142781,0.08465940698332979,False,False
2024-01-01,CRUZ DE LORENA,53758.96,54231.90994080204,0.07270857474827587,False,False
2024-02-01,CRUZ DE LORENA,77011.03,62526.22499861235,0.1113291953361389,False,False
2024-03-01,CRUZ DE LORENA,98223.07,70201.48270858727,0.08842798184337451,False,False
2024-04-01,CRUZ DE LORENA,93705.63,66787.25312605755,0.08864420677566423,False,False
2024-05-01,CRUZ DE LORENA,86284.79,60920.099846546305,0.08160666060044136,False,False
2024-06-01,CRUZ DE LORENA,81564.53,69260.6207615479,0.07381592761903291,False,False
2024-07-01,CRUZ DE LORENA,76732.14,71991.67410186763,0.08552950691000064,False,False
2024-08-01,CRUZ DE LORENA,68286.0,63309.279294496264,0.09977547778698694,False,False
2024-10-01,CRUZ DE LORENA,62667.97,70057.72498978222,0.08424235002685841,False,False
2024-11-01,CRUZ DE LORENA,48328.55,60387.4361600056,0.11151264500859374,False,False
2024-12-01,CRUZ DE LORENA,46835.51,58022.91577577894,0.12297388293912062,False,False
2025-01-01,CRUZ DE LORENA,56385.01,72362.84596727321,0.10282354753228387,True,False
2025-02-01,CRUZ DE LORENA,52632.13,60584.21034305356,0.08667507129910572,False,False
2025-03-01,CRUZ DE LORENA,49244.13,70775.35923956118,0.08476903879443488,True,False
2025-04-01,CRUZ DE LORENA,47621.88,72757.41837832808,0.138419041453941,True,False
2025-05-01,CRUZ DE LORENA,49724.3,69359.37428099262,0.17930895273066613,True,True
2025-06-01,CRUZ DE LORENA,59857.729999999996,74255.8267493629,0.2502105652920256,False,False
2025-07-01,CRUZ DE LORENA,76040.81,77781.29085553109,0.1411841413051016,False,False
2025-08-01,CRUZ DE LORENA,73773.73,68328.46369027342,0.10680160944347608,False,False
2025-09-01,CRUZ DE LORENA,67789.09,70717.29099263078,0.0959786445925488,False,False
2025-10-01,CRUZ DE LORENA,63637.21,72565.45343206056,0.1285954544757431,False,False
2025-11-01,CRUZ DE LORENA,58712.32,67316.34799636637,0.10626828093211729,False,False
2025-12-01,CRUZ DE LORENA,50444.41,68317.77168079914,0.08896234586496582,True,False
2026-01-01,CRUZ DE LORENA,59433.05,72843.96855663205,0.07031865801135989,False,False
2026-02-01,CRUZ DE LORENA,52981.65,67517.45098296899,0.06013361014002296,True,False
2026-03-01,CRUZ DE LORENA,57150.83,70652.6792827268,0.0534836100190493,False,False
2009-05-01,ESTACION FERNANDEZ ORO,2741.35,1066.8963276001748,0.17305174629414,False,False
2010-09-01,ESTACION FERNANDEZ ORO,2742.53,3771.039399787807,0.3366783245536384,True,False
2010-10-01,ESTACION FERNANDEZ ORO,3035.85,4032.94984583447,0.2480997233484497,True,False
2010-12-01,ESTACION FERNANDEZ ORO,2738.59,4326.600528108161,0.27342166424349196,True,False
2011-01-01,ESTACION FERNANDEZ ORO,3475.8900000000003,4486.082806169152,0.27736625343293075,True,True
2011-03-01,ESTACION FERNANDEZ ORO,3722.05,4498.6437465029185,0.3123576283492555,False,False
2011-04-01,ESTACION FERNANDEZ ORO,4953.89,4645.839628564414,0.3288657796587896,False,False
2011-05-01,ESTACION FERNANDEZ ORO,4923.39,5102.334973624033,0.3508299567649816,False,False
2011-06-01,ESTACION FERNANDEZ ORO,4432.6,5193.157634663979,0.36153878285318386,False,False
2011-07-01,ESTACION FERNANDEZ ORO,3707.52,5579.062220699753,0.3722037181595127,True,False
2011-08-01,ESTACION FERNANDEZ ORO,3528.29,5851.064067201142,0.3490720242048557,True,False
2011-09-01,ESTACION FERNANDEZ ORO,3215.85,5780.401531456195,0.33850119100023446,True,False
2011-10-01,ESTACION FERNANDEZ ORO,5148.86,6105.155554564271,0.3294978194087596,False,False
2011-11-01,ESTACION FERNANDEZ ORO,6300.82,5816.3041843612145,0.33459989312741706,False,False
2011-12-01,ESTACION FERNANDEZ ORO,7477.29,6400.407137971141,0.339168376054024,False,False
2012-01-01,ESTACION FERNANDEZ ORO,7183.51,6508.0723298056755,0.3117516081622016,False,False
2012-02-01,ESTACION FERNANDEZ ORO,6814.12,5548.90974782709,0.3227503761879489,False,False
2012-03-01,ESTACION FERNANDEZ ORO,7761.95,6263.654863040202,0.3631685563064523,False,False
2012-04-01,ESTACION FERNANDEZ ORO,7723.26,6629.015423046869,0.36290820181676,False,False
2012-05-01,ESTACION FERNANDEZ ORO,7365.65,7082.247383347995,0.36962700445629665,False,False
2012-06-01,ESTACION FERNANDEZ ORO,8645.18,7203.85493807871,0.3217312165825223,False,False
2012-07-01,ESTACION FERNANDEZ ORO,9388.960000000001,7619.854793547939,0.320050027845551,False,False
2012-08-01,ESTACION FERNANDEZ ORO,10121.84,8002.829330683701,0.3306015554732554,False,False
2012-09-01,ESTACION FERNANDEZ ORO,10560.72,7838.823853344566,0.33635263916949193,False,False
2012-10-01,ESTACION FERNANDEZ ORO,11104.68,8162.502435278207,0.31840428966534867,False,False
2012-11-01,ESTACION FERNANDEZ ORO,11048.91,7726.340449880987,0.34574371703969864,False,False
2012-12-01,ESTACION FERNANDEZ ORO,10549.61,8335.066380637549,0.31707126026049354,False,False
2013-01-01,ESTACION FERNANDEZ ORO,8846.31,8599.261031416198,0.3269886651090924,False,False
2013-02-01,ESTACION FERNANDEZ ORO,8287.56,7412.4245430287165,0.3117067555648573,False,False
2013-03-01,ESTACION FERNANDEZ ORO,8927.89,8185.558779006579,0.3073506456428033,False,False
2013-04-01,ESTACION FERNANDEZ ORO,8525.19,8514.930618752485,0.29197713780766127,False,False
2013-05-01,ESTACION FERNANDEZ ORO,10441.01,9103.796963555498,0.3142400952089461,False,False
2013-06-01,ESTACION FERNANDEZ ORO,10326.49,9185.792325177763,0.29429641424461317,False,False
2013-07-01,ESTACION FERNANDEZ ORO,12348.72,9692.629843839522,0.27006710758789215,False,False
2013-08-01,ESTACION FERNANDEZ ORO,12673.44,10098.545711727445,0.2601485956271297,False,False
2013-09-01,ESTACION FERNANDEZ ORO,12509.55,9847.517728060826,0.27704252945969843,False,False
2013-10-01,ESTACION FERNANDEZ ORO,12238.42,10234.127981815811,0.2556556792775522,False,False
2013-11-01,ESTACION FERNANDEZ ORO,11322.487000000001,9643.538046953692,0.2563441356272223,False,False
2013-12-01,ESTACION FERNANDEZ ORO,11085.49,10410.151061481945,0.27161008123307645,False,False
2014-01-01,ESTACION FERNANDEZ ORO,11235.15,10623.926251796402,0.2968587183661055,False,False
2014-02-01,ESTACION FERNANDEZ ORO,9252.79,9068.55432800012,0.2966380313627653,False,False
2014-03-01,ESTACION FERNANDEZ ORO,9666.4,10135.979058031266,0.2507985028991022,False,False
2014-04-01,ESTACION FERNANDEZ ORO,9246.1,10384.887873864065,0.242643168053419,False,False
2014-05-01,ESTACION FERNANDEZ ORO,9716.46,11133.187867775383,0.23811054715281216,False,False
2014-06-01,ESTACION FERNANDEZ ORO,9090.51,11163.953219175797,0.23526388225238745,False,False
2014-07-01,ESTACION FERNANDEZ ORO,8857.87,11770.968951745464,0.2580956951664954,True,False
2014-08-01,ESTACION FERNANDEZ ORO,8753.54,12186.125908905655,0.2791031882048034,True,False
2014-09-01,ESTACION FERNANDEZ ORO,8715.81,11850.09215168515,0.28554073760755855,True,True
2014-10-01,ESTACION FERNANDEZ ORO,8521.02,12309.039051031832,0.2796219989956495,True,True
2014-11-01,ESTACION FERNANDEZ ORO,7825.54,11563.2710309338,0.28385813224786227,True,False
2014-12-01,ESTACION FERNANDEZ ORO,7735.65,12504.60052386474,0.3090726721233579,True,True
2015-01-01,ESTACION FERNANDEZ ORO,8114.72,12638.565718819245,0.2904238453796385,True,True
2015-02-01,ESTACION FERNANDEZ ORO,7763.4,10699.135504440528,0.31655819432058574,True,True
2015-03-01,ESTACION FERNANDEZ ORO,8067.82,12115.004773231336,0.32306156182613,True,True
2015-04-01,ESTACION FERNANDEZ ORO,8313.12,12238.648924474852,0.33074264515864144,True,True
2015-05-01,ESTACION FERNANDEZ ORO,8528.3,13170.447785813596,0.33268127027101047,True,True
2015-06-01,ESTACION FERNANDEZ ORO,8171.0,13138.311218388939,0.3255151088412744,True,False
2015-07-01,ESTACION FERNANDEZ ORO,8015.94,13854.641583963046,0.3739219677242487,True,True
2015-08-01,ESTACION FERNANDEZ ORO,8984.9,14265.284216796086,0.3706792817048793,True,True
2015-09-01,ESTACION FERNANDEZ ORO,10064.369999999999,13846.868958931125,0.32943807857492174,True,False
2015-10-01,ESTACION FERNANDEZ ORO,8910.07,14387.484609478794,0.3251986710077787,True,False
2015-11-01,ESTACION FERNANDEZ ORO,9115.119999999999,13486.001189172475,0.3499888041235055,True,True
2015-12-01,ESTACION FERNANDEZ ORO,11883.82,14617.830283237281,0.30777385694164683,False,False
2016-01-01,ESTACION FERNANDEZ ORO,11549.029999999999,14642.13733920801,0.27232511338189946,True,False
2016-02-01,ESTACION FERNANDEZ ORO,10643.0,12305.003834091209,0.28260884218473004,False,False
2016-03-01,ESTACION FERNANDEZ ORO,13372.44,13710.027414933096,0.23663614910108474,False,False
2016-04-01,ESTACION FERNANDEZ ORO,16042.59,14315.837888916782,0.199615338561935,False,False
2016-05-01,ESTACION FERNANDEZ ORO,17876.25,15103.631739141407,0.25584862084568816,False,False
2016-06-01,ESTACION FERNANDEZ ORO,16361.73,15171.494322580025,0.21568154668885792,False,False
2016-07-01,ESTACION FERNANDEZ ORO,17039.23,15860.448272231,0.22129337863807014,False,False
2016-08-01,ESTACION FERNANDEZ ORO,18926.57,16463.451020615536,0.2122318897041318,False,False
2016-09-01,ESTACION FERNANDEZ ORO,17781.68,15944.236782604665,0.21565230125633747,False,False
2016-10-01,ESTACION FERNANDEZ ORO,16273.0,16427.12562438082,0.22376491902074078,False,False
2016-11-01,ESTACION FERNANDEZ ORO,14132.89,15384.811741621483,0.21218011465368658,False,False
2016-12-01,ESTACION FERNANDEZ ORO,16611.25,16432.113166428113,0.18514585086004548,False,False
2017-01-01,ESTACION FERNANDEZ ORO,15420.26,16784.245646113333,0.1990773443473058,False,False
2017-02-01,ESTACION FERNANDEZ ORO,12271.842,14328.079992446545,0.20939815561656658,False,False
2017-03-01,ESTACION FERNANDEZ ORO,14599.519,15688.320235188077,0.223751859534441,False,False
2017-04-01,ESTACION FERNANDEZ ORO,15864.432,16170.628579640532,0.273784223657382,False,False
2017-05-01,ESTACION FERNANDEZ ORO,16514.11,17140.495311748655,0.24416225184507123,False,False
2017-06-01,ESTACION FERNANDEZ ORO,18434.678,17145.701139752015,0.260650587511302,False,False
2017-07-01,ESTACION FERNANDEZ ORO,22399.338,17944.824470383734,0.2772163669639654,False,False
2017-08-01,ESTACION FERNANDEZ ORO,22586.452,18543.688643296355,0.2665562853692955,False,False
2017-09-01,ESTACION FERNANDEZ ORO,19113.733,17879.210805970055,0.26321461018732395,False,False
2017-10-01,ESTACION FERNANDEZ ORO,25668.737,18383.35972505418,0.24969164082915404,False,False
2017-11-01,ESTACION FERNANDEZ ORO,22011.34,17136.301377696687,0.2811985260405169,False,False
2017-12-01,ESTACION FERNANDEZ ORO,25286.29,18310.388989298754,0.30091748344239033,False,False
2018-01-01,ESTACION FERNANDEZ ORO,27347.678,18494.340940930295,0.28478116813023935,False,False
2018-02-01,ESTACION FERNANDEZ ORO,21138.386,15628.043511509688,0.17919686862605858,False,False
2018-03-01,ESTACION FERNANDEZ ORO,23168.449,17228.899948892762,0.20462052005645687,False,False
2018-04-01,ESTACION FERNANDEZ ORO,23145.099,17389.29582466825,0.19850694030458824,False,False
2018-05-01,ESTACION FERNANDEZ ORO,23723.145,18378.002424710212,0.19690160894598,False,False
2018-06-01,ESTACION FERNANDEZ ORO,23006.77,18163.061256771485,0.21323987549594048,False,False
2018-07-01,ESTACION FERNANDEZ ORO,21526.091,18887.449116098054,0.28104515939798685,False,False
2018-08-01,ESTACION FERNANDEZ ORO,20743.41,19280.179300300697,0.3571783840435386,False,False
2018-09-01,ESTACION FERNANDEZ ORO,21106.64,18397.069621543957,0.3151195129857593,False,False
2018-10-01,ESTACION FERNANDEZ ORO,18879.2,18766.202848165845,0.36959180007199244,False,False
2018-11-01,ESTACION FERNANDEZ ORO,18886.77,17305.11760333513,0.3303789093910476,False,False
2018-12-01,ESTACION FERNANDEZ ORO,18545.39,18383.959449704056,0.3493726814543714,False,False
2019-01-01,ESTACION FERNANDEZ ORO,18784.85,18245.628971947575,0.39321813699522196,False,False
2019-02-01,ESTACION FERNANDEZ ORO,15434.44,15169.608204508044,0.3989048650164348,False,False
2019-03-01,ESTACION FERNANDEZ ORO,16673.19,16845.014030292088,0.37022009372746667,False,False
2019-04-01,ESTACION FERNANDEZ ORO,15602.99,16654.843401251845,0.4066054218264988,False,False
2019-05-01,ESTACION FERNANDEZ ORO,17690.49,17555.4304156484,0.39639628881006356,False,False
2019-06-01,ESTACION FERNANDEZ ORO,18585.97,17143.3938455469,0.37418089655987496,False,False
2019-07-01,ESTACION FERNANDEZ ORO,19468.45,17710.715697448883,0.34890631296789587,False,False
2019-08-01,ESTACION FERNANDEZ ORO,21168.85,17854.40374041632,0.3616329935158653,False,False
2019-09-01,ESTACION FERNANDEZ ORO,20290.67,16921.13548513957,0.3426142935361907,False,False
2019-10-01,ESTACION FERNANDEZ ORO,20241.91,17179.833358913475,0.36936925429343,False,False
2019-11-01,ESTACION FERNANDEZ ORO,18378.73,15723.314354176386,0.3783844115907187,False,False
2019-12-01,ESTACION FERNANDEZ ORO,19621.77,16653.58736266382,0.3563342705336925,False,False
2020-01-01,ESTACION FERNANDEZ ORO,19469.05,16287.654434874206,0.3726535792874711,False,False
2020-02-01,ESTACION FERNANDEZ ORO,16088.34,13364.780153244878,0.35291910252001474,False,False
2020-03-01,ESTACION FERNANDEZ ORO,16987.07,14561.56862375998,0.34913470560986326,False,False
2020-04-01,ESTACION FERNANDEZ ORO,16712.44,14845.608442181969,0.34650711933438705,False,False
2020-05-01,ESTACION FERNANDEZ ORO,16064.16,15303.747916914339,0.3447321501047708,False,False
2020-06-01,ESTACION FERNANDEZ ORO,15017.39,15008.242476410984,0.3499125779147441,False,False
2020-07-01,ESTACION FERNANDEZ ORO,14378.25,15329.252668695983,0.3666518808720124,False,False
2020-08-01,ESTACION FERNANDEZ ORO,14012.59,15533.64527561091,0.35816308255630147,False,False
2020-09-01,ESTACION FERNANDEZ ORO,13335.59,14685.18053779397,0.3422929115776972,False,False
2020-10-01,ESTACION FERNANDEZ ORO,13344.58,14779.930692202315,0.33667862621297934,False,False
2020-11-01,ESTACION FERNANDEZ ORO,12076.23,13510.44748427928,0.3460066058790049,False,False
2020-12-01,ESTACION FERNANDEZ ORO,11129.48,14094.371084157216,0.3709549609838204,True,False
2021-01-01,ESTACION FERNANDEZ ORO,11383.57,14049.211797953869,0.3751803751803751,False,False
2021-02-01,ESTACION FERNANDEZ ORO,9840.07,11702.967777720265,0.36856692020064546,False,False
2021-03-01,ESTACION FERNANDEZ ORO,10595.88,12532.469299910523,0.36930824902487497,False,False
2021-04-01,ESTACION FERNANDEZ ORO,10547.37,12602.628316423332,0.3793222156248547,False,False
2021-05-01,ESTACION FERNANDEZ ORO,10882.53,13041.568706719381,0.38593901557535365,False,False
2021-06-01,ESTACION FERNANDEZ ORO,10504.43,12724.285182579319,0.3709455073310832,False,False
2021-07-01,ESTACION FERNANDEZ ORO,11246.54,12998.209764597003,0.3772035088904554,False,False
2021-08-01,ESTACION FERNANDEZ ORO,10855.46,13097.701288675406,0.3816300350442268,False,False
2021-09-01,ESTACION FERNANDEZ ORO,10235.52,12353.44820992369,0.3706864856024564,False,False
2021-10-01,ESTACION FERNANDEZ ORO,10397.05,12431.573716232664,0.3797597557469036,False,False
2021-11-01,ESTACION FERNANDEZ ORO,9581.51,11331.14823947295,0.3975488251224047,False,False
2021-12-01,ESTACION FERNANDEZ ORO,9843.35,11844.841421561614,0.38262905497874433,False,False
2022-01-01,ESTACION FERNANDEZ ORO,9367.14,11692.991233728182,0.38149790556280405,False,False
2022-02-01,ESTACION FERNANDEZ ORO,8471.66,9654.688453230443,0.4040157387807018,False,False
2022-03-01,ESTACION FERNANDEZ ORO,9065.75,10471.4985008869,0.41528228274519186,False,False
2022-04-01,ESTACION FERNANDEZ ORO,8609.88,10376.856303790686,0.4083040631041173,False,False
2022-05-01,ESTACION FERNANDEZ ORO,9539.47,10770.625934885005,0.3942474439822379,False,False
2022-06-01,ESTACION FERNANDEZ ORO,8885.77,10444.536980003017,0.39042281850649035,False,False
2022-07-01,ESTACION FERNANDEZ ORO,8911.86,10659.981863731418,0.39238699120474535,False,False
2022-08-01,ESTACION FERNANDEZ ORO,8466.039999999999,10669.797285218274,0.4067595180101522,True,False
2022-09-01,ESTACION FERNANDEZ ORO,8241.18,10029.81737359469,0.4045140620054887,False,False
2022-10-01,ESTACION FERNANDEZ ORO,8361.84,10080.458495740746,0.4009375127613068,False,False
2022-11-01,ESTACION FERNANDEZ ORO,7854.2699999999995,9150.87064026627,0.3989453207504431,False,False
2022-12-01,ESTACION FERNANDEZ ORO,8000.44,9571.249207208613,0.3962629220927697,False,False
2023-01-01,ESTACION FERNANDEZ ORO,7639.03,9343.941104523037,0.39802188830784846,False,False
2023-02-01,ESTACION FERNANDEZ ORO,6412.38,7638.391261169106,0.4033885374023074,False,False
2023-03-01,ESTACION FERNANDEZ ORO,7367.08,8378.398879310682,0.3976251956245513,False,False
2023-04-01,ESTACION FERNANDEZ ORO,7310.2,8168.601715905504,0.36112550699989776,False,False
2023-05-01,ESTACION FERNANDEZ ORO,7209.36,8490.852276599488,0.3738951003159462,False,False
2023-06-01,ESTACION FERNANDEZ ORO,6929.19,8169.0280501764455,0.41143478903458924,False,False
2023-07-01,ESTACION FERNANDEZ ORO,6974.71,8314.804803290886,0.4300194087482379,False,False
2023-08-01,ESTACION FERNANDEZ ORO,6916.0199999999995,8250.320100208994,0.42535732268469356,False,False
2023-09-01,ESTACION FERNANDEZ ORO,6593.21,7713.980764421148,0.4196204810315339,False,False
2023-10-01,ESTACION FERNANDEZ ORO,6853.92,7726.2919282983485,0.43311431804196354,False,False
2023-11-01,ESTACION FERNANDEZ ORO,6312.14,6969.038002470524,0.38111177783268424,False,False
2023-12-01,ESTACION FERNANDEZ ORO,6445.15,7274.130508629537,0.4180514522641742,False,False
2024-01-01,ESTACION FERNANDEZ ORO,6265.15,7003.343600537374,0.4140152230804197,False,False
2024-02-01,ESTACION FERNANDEZ ORO,5485.41,5653.3005210761075,0.3816922443964764,False,False
2024-03-01,ESTACION FERNANDEZ ORO,5834.42,6062.197718317158,0.41157996651673157,False,False
2024-04-01,ESTACION FERNANDEZ ORO,5592.21,6071.785504027317,0.4149508344902406,False,False
2024-05-01,ESTACION FERNANDEZ ORO,5671.23,6148.052515925087,0.3812665900781923,False,False
2024-06-01,ESTACION FERNANDEZ ORO,5719.65,5913.8922984363,0.39435444504330314,False,False
2024-07-01,ESTACION FERNANDEZ ORO,5732.85,5923.349849409523,0.3993751578082748,False,False
2024-08-01,ESTACION FERNANDEZ ORO,5576.91,5876.600004153119,0.40972274408734166,False,False
2024-09-01,ESTACION FERNANDEZ ORO,5381.66,5433.5745244006675,0.4213816327057225,False,False
2024-10-01,ESTACION FERNANDEZ ORO,5228.25,5346.60049383067,0.427113295310728,False,False
2024-11-01,ESTACION FERNANDEZ ORO,5176.41,4768.9857335379675,0.4120902647087885,False,False
2024-12-01,ESTACION FERNANDEZ ORO,5151.18,4852.314659242634,0.4083761635953301,False,False
2025-01-01,ESTACION FERNANDEZ ORO,5046.2300000000005,4706.782319467362,0.39247941615189486,False,False
2025-02-01,ESTACION FERNANDEZ ORO,4453.086,3809.364372884934,0.38434153467294413,False,False
2025-03-01,ESTACION FERNANDEZ ORO,4906.694,3968.6690813361697,0.38820840614423197,False,False
2025-04-01,ESTACION FERNANDEZ ORO,4682.897,3864.1868520820476,0.3961080545456796,False,False
2025-05-01,ESTACION FERNANDEZ ORO,4682.619,3868.164348425721,0.46816800943496517,False,False
2025-06-01,ESTACION FERNANDEZ ORO,4480.574,3638.451886602137,0.4769240396043858,False,False
2025-07-01,ESTACION FERNANDEZ ORO,4604.751,3578.667197222022,0.46152540036085016,False,False
2025-08-01,ESTACION FERNANDEZ ORO,4615.67,3457.8317334504495,0.379714710184708,False,False
2025-09-01,ESTACION FERNANDEZ ORO,4576.96,3117.1061795330406,0.38485259181326664,False,False
2025-10-01,ESTACION FERNANDEZ ORO,4724.926,2991.8954926547726,0.40383815636869796,False,False
2025-11-01,ESTACION FERNANDEZ ORO,4309.386,2586.1601426869224,0.41137379661036855,False,False
2025-12-01,ESTACION FERNANDEZ ORO,4573.574,2556.2025513525823,0.3881184656263533,False,False
2026-01-01,ESTACION FERNANDEZ ORO,4530.238,2368.2757629052107,0.3767637827708039,False,False
2026-02-01,ESTACION FERNANDEZ ORO,4089.709,1822.9219913085442,0.3933195126926144,False,False
2015-08-01,SIERRAS BLANCAS,7541.0,-1149.1469460344535,0.05949114492392118,False,False
2015-09-01,SIERRAS BLANCAS,7147.0,-836.5953634231754,0.03418918918918919,False,False
2017-01-01,SIERRAS BLANCAS,9419.79,5876.723968285256,0.010639538120110197,False,False
2017-03-01,SIERRAS BLANCAS,6612.360000000001,5922.754517388976,0.011120549387442571,False,False
2017-10-01,SIERRAS BLANCAS,9804.0,8632.45356012134,0.19947742304237773,False,False
2017-11-01,SIERRAS BLANCAS,11774.0,10061.764321894994,0.10911016949152542,False,False
2017-12-01,SIERRAS BLANCAS,10259.0,10077.09563121153,0.05132235990382837,False,False
2018-01-01,SIERRAS BLANCAS,7632.6,10742.658361143476,0.02353964639357265,True,False
2018-02-01,SIERRAS BLANCAS,6795.0,10219.285885964502,0.00399136352776145,True,False
2018-09-01,SIERRAS BLANCAS,6832.0,12510.719981251386,0.005531295487627365,True,False
2019-07-01,SIERRAS BLANCAS,12978.81,15093.133092112412,0.16135020780778295,False,False
2019-08-01,SIERRAS BLANCAS,20734.37,17618.29048163035,0.1399374812821315,False,False
2019-09-01,SIERRAS BLANCAS,19132.67,20071.72924576404,0.21677424795439995,False,False
2019-10-01,SIERRAS BLANCAS,18312.61,17590.31438129871,0.10321323196336969,False,False
2019-11-01,SIERRAS BLANCAS,15776.539999999999,18731.83984011211,0.09396308094843475,False,False
2019-12-01,SIERRAS BLANCAS,20648.42,17002.744965553517,0.1781690673395715,False,False
2020-01-01,SIERRAS BLANCAS,24975.46,20221.23186294366,0.1353529408710012,False,False
2020-02-01,SIERRAS BLANCAS,26404.28,19784.704980185044,0.10364678544816339,False,False
2020-03-01,SIERRAS BLANCAS,25900.54,17777.16781023291,0.07848772670864025,False,False
2020-04-01,SIERRAS BLANCAS,23405.11,20424.01302249177,0.07770019190681288,False,False
2020-05-01,SIERRAS BLANCAS,23551.67,17281.12294622287,0.07443418730866119,False,False
2020-06-01,SIERRAS BLANCAS,19783.48,21551.808771417644,0.054720073392040595,False,False
2020-07-01,SIERRAS BLANCAS,19145.65,25349.026782483936,0.04209486166007905,True,False
2020-08-01,SIERRAS BLANCAS,17395.08,24989.072548308275,0.04948657757727564,True,False
2020-09-01,SIERRAS BLANCAS,15996.65,13430.760699945122,0.1517713926959646,False,False
2020-10-01,SIERRAS BLANCAS,16020.2,21999.410060331338,0.1340891131172511,True,False
2020-11-01,SIERRAS BLANCAS,22817.62,25864.608668834982,0.19146033525650247,False,False
2020-12-01,SIERRAS BLANCAS,28774.96,26240.05493733099,0.11323325926907515,False,False
2021-01-01,SIERRAS BLANCAS,30229.04,25865.363691593244,0.08653145613564847,False,False
2021-02-01,SIERRAS BLANCAS,27143.21,23517.59841646193,0.06530712600091393,False,False
2021-03-01,SIERRAS BLANCAS,23133.36,23635.09297586453,0.05830113378241732,False,False
2021-04-01,SIERRAS BLANCAS,23161.19,23675.116999046844,0.039468914979119064,False,False
2021-05-01,SIERRAS BLANCAS,22052.27,22819.075257432065,0.04511776318153929,False,False
2021-06-01,SIERRAS BLANCAS,19340.2,25439.159047078534,0.06691194953078315,True,False
2021-07-01,SIERRAS BLANCAS,17878.38,28269.948246846932,0.09060768984267308,True,False
2021-08-01,SIERRAS BLANCAS,17275.24,29053.59093457661,0.04252461827608051,True,False
2021-09-01,SIERRAS BLANCAS,14533.06,20948.02322874079,0.03299307800765325,True,False
2021-10-01,SIERRAS BLANCAS,14420.77,26584.869658660242,0.07119293165323982,True,True
2021-11-01,SIERRAS BLANCAS,11723.94,30102.38770381769,0.10612835861179286,True,True
2021-12-01,SIERRAS BLANCAS,9249.38,29359.696305565758,0.07841105422893206,True,True
2022-01-01,SIERRAS BLANCAS,11690.33,30496.846626683513,0.3517221301066384,True,True
2022-02-01,SIERRAS BLANCAS,9982.45,28305.47603217405,0.07055788221141761,True,False
2022-03-01,SIERRAS BLANCAS,10699.09,30130.31626654884,0.03490338741641507,True,False
2022-04-01,SIERRAS BLANCAS,12619.35,26407.14150071937,0.18457579926349574,True,True
2022-05-01,SIERRAS BLANCAS,24171.13,28957.29730976824,0.25320301300113696,False,False
2022-06-01,SIERRAS BLANCAS,26654.28,28973.359302875506,0.27589391009105974,False,False
2022-07-01,SIERRAS BLANCAS,33735.55,30330.441422217606,0.21604266368720482,False,False
2022-08-01,SIERRAS BLANCAS,42454.07,32834.093904275986,0.13617992918778787,False,False
2022-09-01,SIERRAS BLANCAS,40856.47,30128.539204469263,0.11177261675351147,False,False
2022-10-01,SIERRAS BLANCAS,33245.08,31110.803717363473,0.10375593967506143,False,False
2022-11-01,SIERRAS BLANCAS,45754.93,33967.37944146832,0.09572806699942923,False,False
2022-12-01,SIERRAS BLANCAS,37931.77,31822.71167793335,0.07547190045883019,False,False
2023-01-01,SIERRAS BLANCAS,46923.57,35067.488505758745,0.12295064655039484,False,False
2023-02-01,SIERRAS BLANCAS,54167.04,33249.0283132838,0.0862695087143985,False,False
2023-03-01,SIERRAS BLANCAS,55009.38,37248.96291563926,0.07164246710630683,False,False
2023-04-01,SIERRAS BLANCAS,44482.28,28612.594793308213,0.0636395651788603,False,False
2023-05-01,SIERRAS BLANCAS,46792.25,35684.95465555921,0.07051952460720462,False,False
2023-06-01,SIERRAS BLANCAS,46657.05,32125.98928903525,0.06866262795470292,False,False
2023-07-01,SIERRAS BLANCAS,46047.590000000004,31543.99116263386,0.05601922254553177,False,False
2023-08-01,SIERRAS BLANCAS,44330.72,36387.48658149168,0.054915892504771184,False,False
2023-09-01,SIERRAS BLANCAS,39886.24,40982.082498189135,0.0480354243443797,False,False
2023-10-01,SIERRAS BLANCAS,34407.340000000004,35531.869535820704,0.07707960153365231,False,False
2023-11-01,SIERRAS BLANCAS,32962.55,37433.085310368384,0.12971336887608906,False,False
2023-12-01,SIERRAS BLANCAS,29705.75,33636.80549934365,0.16731208512067292,False,False
2024-01-01,SIERRAS BLANCAS,33649.47,39601.79226953083,0.08001330925928558,False,False
2024-02-01,SIERRAS BLANCAS,30163.489999999998,38369.05561379366,0.07801882567982896,True,False
2024-03-01,SIERRAS BLANCAS,26167.38,34170.19700664848,0.21116680021198433,True,False
2024-04-01,SIERRAS BLANCAS,32754.97,38896.447320185966,0.4268627764223851,False,False
2024-05-01,SIERRAS BLANCAS,19052.99,32626.06251623829,0.6400960726570719,True,False
2024-06-01,SIERRAS BLANCAS,40299.7,40335.130991756705,0.4966579965465236,False,False
2024-07-01,SIERRAS BLANCAS,57682.91,47053.454341709155,0.23379121119968588,False,False
2024-08-01,SIERRAS BLANCAS,63662.64,46003.60817057198,0.1208348932596132,False,False
2024-10-01,SIERRAS BLANCAS,48964.38,39872.40367622412,0.1156679117126857,False,False
2024-11-01,SIERRAS BLANCAS,56897.21,46521.803351690374,0.1520231722148035,False,False
2024-12-01,SIERRAS BLANCAS,56608.82,46859.05038002081,0.09958644691091748,False,False
2025-01-01,SIERRAS BLANCAS,51475.11,45856.70764998019,0.08419189603629848,False,False
2025-02-01,SIERRAS BLANCAS,44137.05,41401.15133473851,0.0648232664808901,False,False
2025-03-01,SIERRAS BLANCAS,48670.54,41349.896004355665,0.0550182208405876,False,False
2025-04-01,SIERRAS BLANCAS,42293.51,41142.211893686435,0.08842748146885274,False,False
2025-05-01,SIERRAS BLANCAS,43448.71,39403.371118618525,0.07901970023691836,False,False
2025-06-01,SIERRAS BLANCAS,38106.82,43646.902668532144,0.08255834221720167,False,False
2025-07-01,SIERRAS BLANCAS,34720.25,48210.74726608842,0.0679407760088824,True,False
2025-08-01,SIERRAS BLANCAS,30090.34,49244.97170406915,0.10132028863748971,True,False
2025-09-01,SIERRAS BLANCAS,33402.66,35294.73414936125,0.0954044790703015,False,False
2025-10-01,SIERRAS BLANCAS,45461.27,44539.619134888286,0.20620868550363833,False,False
2025-11-01,SIERRAS BLANCAS,49475.71,50145.577876279836,0.11830823822425997,False,False
2025-12-01,SIERRAS BLANCAS,47967.62,48644.73129716595,0.06927917848800907,False,False
2026-01-01,SIERRAS BLANCAS,48984.0,50253.491284736556,0.0529775026090292,False,False
2026-02-01,SIERRAS BLANCAS,42884.95,46393.85516344095,0.05408433779319616,False,False
2026-03-01,SIERRAS BLANCAS,44932.78,49151.883338009044,0.0462966421870357,False,False
